DROP TABLE IF EXISTS `banwords`;
CREATE TABLE `banwords` (
  `ban_id` int(11) UNSIGNED NOT NULL auto_increment,
  `text` varchar(150) CHARACTER SET utf8mb4 COLLATE utf8mb4_bin NOT NULL,
  `type` varchar(150) not NULL default 'default',
  PRIMARY KEY (`ban_id`),
  UNIQUE KEY `UNIQUE` (`text`),
  KEY `text` (`text`),
  KEY `type` (`type`)
) ENGINE=InnoDB DEFAULT CHARSET=utf8 COLLATE=utf8_unicode_ci;

INSERT IGNORE INTO `banwords` (`text`, `type`) VALUES
( 'api', 'default'),
( 'support', 'default'),
( 'post', 'default'),
('video-admin','default'),
( 'install', 'default'),
( 'videos', 'default'),
( 'channels', 'default'),
( 'playlists', 'default'),
( 'members', 'default'),
( 'blogs', 'default'),
( 'watch', 'default'),
( 'channel', 'default'),
( 'blog', 'default'),
( 'playlist', 'default'),
( 'search', 'default'),
( 'dashboard', 'default'),
( 'upgrade', 'default'),
( 'logout', 'default'),
( 'contact', 'default'),
( 'terms', 'default'),
( 'privacy', 'default'),
( 'channels', 'default'),
( 'pages', 'default'),
( 'video', 'default'),
( 'create-video', 'default'),
( 'create-channel', 'default'),
( 'create-blog', 'default'),
( 'create-ad','default'),
( 'live-streaming','default'),
( 'live', 'default');

DROP TABLE IF EXISTS `tasks`;
CREATE TABLE `tasks` (
  `task_id` int(11) UNSIGNED NOT NULL auto_increment,
  `type` varchar(255) CHARACTER SET latin1 COLLATE latin1_general_ci NOT NULL,
  `started` tinyint (1)  NOT NULL DEFAULT '0',
  `start_time` datetime NULL,
  `timeout` int(11) NOT NULL DEFAULT '30',
  `priority` tinyint(1) NOT NULL DEFAULT '1',
  PRIMARY KEY (`task_id`),
  KEY `started` (`started`),
  KEY `priority` (`priority`),
  KEY `start_time` (`start_time`)
) ENGINE=InnoDB DEFAULT CHARSET=utf8 COLLATE=utf8_unicode_ci;

INSERT IGNORE INTO `tasks` ( `type`, `started`, `start_time`, `timeout`, `priority`) VALUES
('videoEncode',0,NULL,15,1),
( 'notifications', 0, NULL, 30, 2),
( 'userExpiryNotifications', 0, NULL, 7200, 3),
( 'userDowngrade', 0, NULL, 7200, 4);

DROP TABLE IF EXISTS `user_twitter`;
CREATE TABLE `user_twitter` (
  `user_id` int(10) UNSIGNED NOT NULL,
  `twitter_uid` bigint(20) UNSIGNED NOT NULL,
  PRIMARY KEY (`user_id`),
  UNIQUE KEY `twitter_uid` (`twitter_uid`)
) ENGINE=InnoDB DEFAULT CHARSET=utf8 COLLATE=utf8_unicode_ci;

DROP TABLE IF EXISTS `user_facebook`;
CREATE TABLE `user_facebook` (
  `user_id` int(10) UNSIGNED NOT NULL,
  `facebook_uid` bigint(20) UNSIGNED NOT NULL,
  PRIMARY KEY (`user_id`),
  UNIQUE KEY `facebook_uid` (`facebook_uid`)
) ENGINE=InnoDB DEFAULT CHARSET=utf8 COLLATE=utf8_unicode_ci;


DROP TABLE IF EXISTS `user_forgot`;
CREATE TABLE `user_forgot` (
  `user_id` int(10) UNSIGNED NOT NULL,
  `code` varchar(100) NOT NULL,
  `creation_date` datetime NOT NULL,
  PRIMARY KEY (`user_id`),
  UNIQUE KEY `code` (`code`)
) ENGINE=InnoDB DEFAULT CHARSET=utf8 COLLATE=utf8_unicode_ci;

DROP TABLE IF EXISTS `user_verify`;
CREATE TABLE `user_verify` (
  `user_id` int(10) UNSIGNED NOT NULL,
  `code` varchar(100) NOT NULL,
  `creation_date` datetime NOT NULL,
  PRIMARY KEY (`user_id`),
  UNIQUE KEY `code` (`code`)
) ENGINE=InnoDB DEFAULT CHARSET=utf8 COLLATE=utf8_unicode_ci;

DROP TABLE IF EXISTS `user_google`;
CREATE TABLE `user_google` (
  `user_id` int(10) UNSIGNED NOT NULL,
  `google_uid` bigint(20) UNSIGNED NOT NULL,
  PRIMARY KEY (`user_id`),
  UNIQUE KEY `google_uid` (`google_uid`)
) ENGINE=InnoDB DEFAULT CHARSET=utf8 COLLATE=utf8_unicode_ci;

DROP TABLE IF EXISTS `user_apple`;
CREATE TABLE `user_apple` (
  `user_id` int(10) UNSIGNED NOT NULL,
  `apple_uid` varchar(255) NOT NULL,
  PRIMARY KEY (`user_id`),
  UNIQUE KEY `apple_uid` (`apple_uid`)
) ENGINE=InnoDB DEFAULT CHARSET=utf8 COLLATE=utf8_unicode_ci;

DROP TABLE IF EXISTS `notificationtypes`;
CREATE TABLE `notificationtypes` (
  `notificationtype_id` int(11) UNSIGNED NOT NULL auto_increment,
  `type` varchar(255) CHARACTER SET latin1 COLLATE latin1_general_ci NOT NULL,
  `body` text COLLATE utf8_unicode_ci NOT NULL,
  `content_type` VARCHAR(255) CHARACTER SET latin1 COLLATE latin1_general_ci NOT NULL,
  `vars` text COLLATE utf8_unicode_ci NOT NULL,
  PRIMARY KEY (`notificationtype_id`),
  KEY `content_type` (`content_type`)
) ENGINE=InnoDB DEFAULT CHARSET=utf8 COLLATE=utf8_unicode_ci;

DROP TABLE IF EXISTS `notifications`;
CREATE TABLE `notifications` (
  `notification_id` int(11) UNSIGNED NOT NULL auto_increment,
  `owner_id` int(11) UNSIGNED NOT NULL,
  `subject_type` varchar(24) CHARACTER SET latin1 COLLATE latin1_general_ci NOT NULL,
  `subject_id` int(11) UNSIGNED NOT NULL,
  `object_type` varchar(24) CHARACTER SET latin1 COLLATE latin1_general_ci NOT NULL,
  `object_id` int(11) UNSIGNED NOT NULL,
  `type` varchar(255) CHARACTER SET latin1 COLLATE latin1_general_ci NOT NULL,
  `params` text COLLATE utf8_unicode_ci,
  `read` tinyint(1) NOT NULL DEFAULT '0',
  `is_read` tinyint(1) NOT NULL DEFAULT '0',
  `notification_send` tinyint(1) NOT NULL DEFAULT '1',
  `creation_date` datetime NOT NULL,
   PRIMARY KEY (`notification_id`),
   KEY `notification_send` (`notification_send`),
   KEY `owner_date` (`owner_id`,`creation_date`),
   KEY `subject` (`subject_type`,`subject_id`),
   KEY `object` (`object_type`,`object_id`)
) ENGINE=InnoDB DEFAULT CHARSET=utf8 COLLATE=utf8_unicode_ci;


DROP TABLE IF EXISTS `notificationsettings`;
CREATE TABLE `notificationsettings` (
  `owner_id` int(11) UNSIGNED NOT NULL,
  `type` varchar(255) CHARACTER SET latin1 COLLATE latin1_general_ci NOT NULL,
  `notification` tinyint(4) NOT NULL DEFAULT '0',
  PRIMARY KEY (`owner_id`,`type`),
  KEY `notification` (`notification`)
) ENGINE=InnoDB DEFAULT CHARSET=utf8 COLLATE=utf8_unicode_ci;


DROP TABLE IF EXISTS `emailsettings`;
CREATE TABLE `emailsettings` (
  `owner_id` int(11) UNSIGNED NOT NULL,
  `type` varchar(255) CHARACTER SET latin1 COLLATE latin1_general_ci NOT NULL,
  `email` tinyint(4) NOT NULL DEFAULT '0',
  PRIMARY KEY (`owner_id`,`type`),
  KEY `email` (`email`)
) ENGINE=InnoDB DEFAULT CHARSET=utf8 COLLATE=utf8_unicode_ci;


DROP TABLE IF EXISTS `emailtemplates`;
CREATE TABLE `emailtemplates` (
  `emailtemplate_id` int(11) UNSIGNED NOT NULL auto_increment,
  `content_type` varchar(255) CHARACTER SET latin1 COLLATE latin1_general_ci NOT NULL,
  `type` varchar(255) CHARACTER SET latin1 COLLATE latin1_general_ci NOT NULL,
  `body` text COLLATE utf8_unicode_ci NULL,
  `vars` text COLLATE utf8_unicode_ci NULL,
  `subject` varchar(255) CHARACTER SET latin1 COLLATE latin1_general_ci NOT NULL DEFAULT '',
  PRIMARY KEY (`emailtemplate_id`),
  UNIQUE KEY `UNIQUE` (`content_type`,`type`),
  KEY `type` (`type`)
) ENGINE=InnoDB DEFAULT CHARSET=utf8 COLLATE=utf8_unicode_ci;


INSERT INTO `notificationtypes` ( `type`, `body`, `content_type`, `vars`) VALUES
( 'level_member_expiry', 'Your subscription plan {planName} going to expire soon in {period}.', 'default', '{}'),
( 'audio_admin_approved', 'Site Admin approved your {audio}.', 'audio', '{\"audio\":\"audio\"}'),
( 'audio_comment', '{subject} commented on your {audio} {comment_title}.', 'audio', '{\"audio\":\"audio\"}'),
( 'audio_reply_comment', '{subject} replied to your {comment} on your {audio} {reply_title}', 'audio', '{\"audio\":\"audio\",\"comment\":\"comment\"}'),
( 'audio_comments_like', '{subject} likes your {comment} on your {audio} {comment_title}.', 'audio', '{\"audio\":\"audio\",\"comment\":\"comment\"}'),
( 'audio_comments_dislike', '{subject} dislike your {comment} on your {audio} \"{comment_title}\".', 'audio', '{\"audio\":\"audio\",\"comment\":\"comment\"}'),
( 'audio_reply_like', '{subject} likes your {reply} on {comment} {reply_title}.', 'audio', '{\"comment\":\"comment\",\"reply\":\"reply\"}'),
( 'audio_reply_dislike', '{subject} dislike your {reply} on {comment} {reply_title}.', 'audio', '{\"comment\":\"comment\",\"reply\":\"reply\"}'),
( 'audio_favourite', '{subject} marked your {audio} to Favourite.', 'audio', '{\"audio\":\"audio\"}'),
( 'audio_like', '{subject} likes your {audio}.', 'audio', '{\"audio\":\"audio\"}'),
( 'audio_dislike', '{subject} dislike your {audio}.', 'audio', '{\"audio\":\"audio\"}'),
( 'videos_processed_complete', 'We have completed processing your {videos}.', 'videos', '{\"videos\":\"video\"}'),
( 'videos_processed_failed', 'We are having trouble processing to your {videos}.', 'videos', '{\"videos\":\"video\"}'),
( 'videos_comment', '{subject} commented on your {videos} {comment_title}.', 'videos', '{\"videos\":\"video\"}'),
( 'videos_reply_comment', '{subject} replied to your {comment} on your {videos} {reply_title}', 'videos', '{\"videos\":\"video\",\"comment\":\"comment\"}'),
( 'videos_comments_like', '{subject} likes your {comment} on your {videos} {comment_title}.', 'videos', '{\"videos\":\"video\",\"comment\":\"comment\"}'),
( 'videos_comments_dislike', '{subject} dislike your {comment} on your {videos} {comment_title}.', 'videos', '{\"videos\":\"video\",\"comment\":\"comment\"}'),
( 'videos_reply_like', '{subject} likes your {reply} on {comment} {reply_title}.', 'videos', '{\"comment\":\"comment\",\"reply\":\"reply\"}'),
( 'videos_reply_dislike', '{subject} dislike your {reply} on {comment} {reply_title}.', 'videos', '{\"comment\":\"comment\",\"reply\":\"reply\"}'),
( 'videos_favourite', '{subject} marked your {videos} to Favourite.', 'videos', '{\"videos\":\"video\"}'),
( 'videos_watchlater', '{subject} added your {videos} to Watchlater.', 'videos', '{\"videos\":\"video\"}'),
( 'videos_like', '{subject} likes your {videos}.', 'videos', '{\"videos\":\"video\"}'),
( 'videos_dislike', '{subject} dislike your {videos}.', 'videos', '{\"videos\":\"video\"}'),
( 'videos_featured', 'Site Admin marked your {videos} as Featured.', 'videos', '{\"videos\":\"video\"}'),
( 'videos_sponsored', 'Site Admin marked your {videos} as Sponsored.', 'videos', '{\"videos\":\"video\"}'),
( 'videos_hot', 'Site Admin marked your {videos} as Hot.', 'videos', '{\"videos\":\"video\"}'),
( 'videos_admin_approved', 'Site Admin approved your {videos}.', 'videos', '{\"videos\":\"video\"}'),
( 'videos_admin_disapproved', 'Site Admin disapproved your {videos}.', 'videos', '{\"videos\":\"video\"}'),
( 'videos_rating', '{subject} rated your {videos}.', 'videos', '{\"videos\":\"video\"}'),
( 'channel_posts_like', '{subject} likes your {channel_posts}.', 'channels', '{\"channel_posts\":\"post\"}'),
( 'channel_posts_dislike', '{subject} dislike your {channel_posts}.', 'channels', '{\"channel_posts\":\"post\"}'),
( 'channels_comment', '{subject} commented on your {channels} {comment_title}.', 'channels', '{\"channels\":\"channel\"}'),
( 'channels_reply_comment', '{subject} replied to your {comment} on your {channels} {reply_title}', 'channels', '{\"channels\":\"channel\",\"comment\":\"comment\"}'),
( 'channels_comments_like', '{subject} likes your {comment} on your {channels} {comment_title}.', 'channels', '{\"channels\":\"channel\",\"comment\":\"comment\"}'),
( 'channels_comments_dislike', '{subject} dislike your {comment} on your {channels} {comment_title}.', 'channels', '{\"channels\":\"channel\",\"comment\":\"comment\"}'),
( 'channel_posts_reply_comment', '{subject} replied to your {comment} on your {channel_posts} {reply_title}', 'channels', '{\"channel_posts\":\"post\",\"comment\":\"comment\"}'),
( 'channel_posts_comments_like', '{subject} likes your {comment} on your {channel_posts} {comment_title}.', 'channels', '{\"channel_posts\":\"post\",\"comment\":\"comment\"}'),
( 'channel_posts_comments_dislike', '{subject} dislike your {comment} on your {channel_posts} {comment_title}.', 'channels', '{\"channel_posts\":\"post\",\"comment\":\"comment\"}'),
( 'channel_posts_reply_like', '{subject} likes your {reply} on {comment} {reply_title}.', 'channels', '{\"reply\":\"reply\",\"comment\":\"comment\"}'),
( 'channel_posts_reply_dislike', '{subject} dislike your {reply} on {comment} {reply_title}.', 'channels', '{\"reply\":\"reply\",\"comment\":\"comment\"}'),
( 'channel_posts_comment', '{subject} commented on your {channel_posts} {comment_title}.', 'channels', '{\"channel_posts\":\"post\"}'),
( 'channels_reply_like', '{subject} likes your {reply} on {comment} {reply_title}.', 'channels', '{\"reply\":\"reply\",\"comment\":\"comment\"}'),
( 'channels_reply_dislike', '{subject} dislike your {reply} on {comment} {reply_title}.', 'channels', '{\"reply\":\"reply\",\"comment\":\"comment\"}'),
( 'channels_favourite', '{subject} marked your {channels} to Favourite.', 'channels', '{\"channels\":\"channel\"}'),
( 'channels_like', '{subject} likes your {channels}.', 'channels', '{\"channels\":\"channel\"}'),
( 'channels_dislike', '{subject} dislike your {channels}.', 'channels', '{\"channels\":\"channel\"}'),
( 'channels_featured', 'Site Admin marked your {channels} as Featured.', 'channels', '{\"channels\":\"channel\"}'),
( 'channels_sponsored', 'Site Admin marked your {channels} as Sponsored.', 'channels', '{\"channels\":\"channel\"}'),
( 'channels_hot', 'Site Admin marked your {channels} as Hot.', 'channels', '{\"channels\":\"channel\"}'),
( 'channels_admin_approved', 'Site Admin approved your {channels}.', 'channels', '{\"channels\":\"channel\"}'),
( 'channels_admin_disapproved', 'Site Admin disapproved your {channels}.', 'channels', '{\"channels\":\"channel\"}'),
( 'channels_rating', '{subject} rated your {channels}.', 'channels', '{\"channels\":\"channel\"}'),
( 'channels_follow', '{subject} started following your {channels}.', 'channels', '{\"channels\":\"channel\"}'),
( 'channels_followed', '{subject} upload an content that might interest you.', 'channels', '{\"channels\":\"channel\"}'),
( 'channels_verified', 'Site Admin Verified your {channels}.', 'channels', '{\"channels\":\"channel\"}'),

( 'playlists_comment', '{subject} commented on your {playlists} {comment_title}.', 'playlists', '{\"playlists\":\"playlists\"}'),
( 'playlists_reply_comment', '{subject} replied to your {comment} on your {playlists} {reply_title}', 'playlists', '{\"playlists\":\"playlist\",\"comment\":\"comment\"}'),
( 'playlists_comments_like', '{subject} likes your {comment} on your {playlists} {comment_title}.', 'playlists', '{\"playlists\":\"playlist\",\"comment\":\"comment\"}'),
( 'playlists_comments_dislike', '{subject} dislike your {comment} on your {playlists} {comment_title}.', 'playlists', '{\"playlists\":\"playlist\",\"comment\":\"comment\"}'),
( 'playlists_reply_like', '{subject} likes your {reply} on {comment} {reply_title}.', 'playlists', '{\"reply\":\"reply\",\"comment\":\"comment\"}'),
( 'playlists_reply_dislike', '{subject} dislike your {reply} on {comment} {reply_title}.', 'playlists', '{\"reply\":\"reply\",\"comment\":\"comment\"}'),
( 'playlists_favourite', '{subject} marked your {playlists} to Favourite.', 'playlists', '{\"playlists\":\"playlists\"}'),
( 'playlists_like', '{subject} likes your {playlists}.', 'playlists', '{\"playlists\":\"playlists\"}'),
( 'playlists_dislike', '{subject} dislike your {playlists}.', 'playlists', '{\"playlists\":\"playlists\"}'),
( 'playlists_featured', 'Site Admin marked your {playlists} as Featured.', 'playlists', '{\"playlists\":\"playlists\"}'),
( 'playlists_sponsored', 'Site Admin marked your {playlists} as Sponsored.', 'playlists', '{\"playlists\":\"playlists\"}'),
( 'playlists_hot', 'Site Admin marked your {playlists} as Hot.', 'playlists', '{\"playlists\":\"playlists\"}'),
( 'playlists_admin_approved', 'Site Admin approved your {playlists}.', 'playlists', '{\"playlists\":\"playlists\"}'),
( 'playlists_admin_disapproved', 'Site Admin disapproved your {playlists}.', 'playlists', '{\"playlists\":\"playlists\"}'),
( 'playlists_rating', '{subject} rated your {playlists}.', 'playlists', '{\"playlists\":\"playlists\"}'),
( 'blogs_comment', '{subject} commented on your {blogs} {comment_title}.', 'blogs', '{\"blogs\":\"blogs\"}'),
( 'blogs_reply_comment', '{subject} replied to your {comment} on your {blogs} {reply_title}', 'blogs', '{\"blogs\":\"blogs\",\"comment\":\"comment\"}'),
( 'blogs_comments_like', '{subject} likes your {comment} on your {blogs} {comment_title}.', 'blogs', '{\"blogs\":\"blogs\",\"comment\":\"comment\"}'),
( 'blogs_comments_dislike', '{subject} dislike your {comment} on your {blogs} {comment_title}.', 'blogs', '{\"blogs\":\"blogs\",\"comment\":\"comment\"}'),
( 'blogs_reply_like', '{subject} likes your {reply} on {comment} {reply_title}.', 'blogs', '{\"reply\":\"reply\",\"comment\":\"comment\"}'),
( 'blogs_reply_dislike', '{subject} dislike your {reply} on {comment} {reply_title}.', 'blogs', '{\"reply\":\"reply\",\"comment\":\"comment\"}'),
( 'blogs_favourite', '{subject} marked your {blogs} to Favourite.', 'blogs', '{\"blogs\":\"blogs\"}'),
( 'blogs_like', '{subject} likes your {blogs}.', 'blogs', '{\"blogs\":\"blogs\"}'),
( 'blogs_dislike', '{subject} dislike your {blogs}.', 'blogs', '{\"blogs\":\"blogs\"}'),
( 'blogs_featured', 'Site Admin marked your {blogs} as Featured.', 'blogs', '{\"blogs\":\"blogs\"}'),
( 'blogs_sponsored', 'Site Admin marked your {blogs} as Sponsored.', 'blogs', '{\"blogs\":\"blogs\"}'),
( 'blogs_hot', 'Site Admin marked your {blogs} as Hot.', 'blogs', '{\"blogs\":\"blogs\"}'),
( 'blogs_admin_approved', 'Site Admin approved your {blogs}.', 'blogs', '{\"blogs\":\"blogs\"}'),
( 'blogs_admin_disapproved', 'Site Admin disapproved your {blogs}.', 'blogs', '{\"blogs\":\"blogs\"}'),
( 'blogs_rating', '{subject} rated your {blogs}.', 'blogs', '{\"blogs\":\"blogs\"}'),
( 'members_comment', '{subject} commented on your {members} {comment_title}.', 'members', '{\"members\":\"profile\"}'),
( 'members_reply_comment', '{subject} replied to your {comment} on your {members} {reply_title}', 'members', '{\"members\":\"profile\",\"comment\":\"comment\"}'),
( 'members_comments_like', '{subject} likes your {comment} on your {members} {comment_title}.', 'members', '{\"members\":\"profile\",\"comment\":\"comment\"}'),
( 'members_comments_dislike', '{subject} dislike your {comment} on your {members} {comment_title}.', 'members', '{\"members\":\"profile\",\"comment\":\"comment\"}'),
( 'members_reply_like', '{subject} likes your {reply} on {comment} {reply_title}.', 'members', '{\"reply\":\"reply\",\"comment\":\"comment\"}'),
( 'members_reply_dislike', '{subject} dislike your {reply} on {comment} {reply_title}.', 'members', '{\"reply\":\"reply\",\"comment\":\"comment\"}'),
( 'members_favourite', '{subject} marked your {members} to Favourite.', 'members', '{\"members\":\"profile\"}'),
( 'members_like', '{subject} likes your {members}.', 'members', '{\"members\":\"profile\"}'),
( 'members_dislike', '{subject} dislike your {members}.', 'members', '{\"members\":\"profile\"}'),
( 'members_featured', 'Site Admin marked your {members} as Featured.', 'members', '{\"members\":\"profile\"}'),
( 'members_sponsored', 'Site Admin marked your {members} as Sponsored.', 'members', '{\"members\":\"profile\"}'),
( 'members_admin_approved', 'Site Admin approved your {members}.', 'members', '{\"members\":\"profile\"}'),
( 'members_verified', 'Site Admin Verified your {members}.', 'members', '{\"members\":\"profile\"}'),
( 'members_reject_verified', 'Site Admin Rejected Your Verified {members} Request.', 'members', '{\"members\":\"profile\"}'),

( 'members_admin_disapproved', 'Site Admin disapproved your {members}.', 'members', '{\"members\":\"profile\"}'),

( 'members_hot', 'Site Admin marked your {members} as Hot.', 'members', '{\"members\":\"profile\"}'),
( 'members_rating', '{subject} rated your {members}.', 'members', '{\"members\":\"profile\"}'),
( 'members_follow', '{subject} started following your {members}.', 'members', '{\"members\":\"profile\"}'),
( 'members_followed', '{subject} upload an content that might interest you.', 'members', '{\"members\":\"profile\"}'),
( 'live_video', '{subject} started a live video.', 'livestreaming', '{}'),
( 'videos_create', 'Uploaded new Video.', 'default', '{}'),
( 'channels_create', 'Created new Channel.', 'default', '{}'),
( 'playlists_create', 'Created new Playlist.', 'default', '{}'),
( 'blogs_create', 'Created new Blog.', 'default', '{}'),
( 'audio_create', 'Uploaded new Audio.', 'default', '{}'),
( 'go_live', 'Go Live.', 'default', '{}'),
( 'bankdetails_videopurchase_approved', 'Your Bank Transfer request for Video Purchase is approved.', 'default', '{}'),
( 'bankdetails_rechargewallet_approved', 'Your Bank Transfer request for Wallet Recharge is approved.', 'default', '{}'),
( 'bankdetails_membersubscription_approved', 'Your Bank Transfer request for Member Subscription is approved.', 'default', '{}'),
( 'bankdetails_channelsubscription_approved', 'Your Bank Transfer request for Channel Support is approved.', 'default', '{}');


  
INSERT INTO `emailtemplates` ( `content_type`, `type`, `vars`) VALUES
( 'default', 'login_header', NULL),
( 'default', 'loggedout_header', NULL),
( 'default', 'login_footer', NULL),
( 'default', 'loggedout_footer', NULL),
( 'default', 'contact', '{\"usertitle\":\"\",\"senderemail\":\"\",\"message\":\"\"}'),
( 'default', 'email_address_verification', '{\"verificationlink\":\"\",\"email\":\"\"}'),
( 'default', 'lost_password', '{\"resetpasswordlink\":\"\"}'),
( 'default', 'welcome',  '{\"getstarted\":\"\",\"contactus\":\"\",\"email\":\"\"}'),
('default','level_member_expiry','{\"planName\":\"\",\"period\":\"\"}'),
( 'default', 'notify_admin_user_signup','{\"usertitle\":\"\",\"signupdate\":\"\",\"userprofilelink\":\"\"}'),
( 'default', 'payment_subscription_active', NULL),
( 'default', 'payment_subscription_pending', NULL),
( 'default', 'payment_subscription_overdue', NULL),
( 'default', 'payment_subscription_refunded', NULL),
( 'default', 'payment_subscription_expired', NULL),
( 'default', 'payment_subscription_recurrence', NULL),
( 'default', 'payment_subscription_cancelled', NULL),
( 'default', 'payment_subscription_disputeclear', NULL),
( 'default', 'payment_subscription_disputecreate', NULL),
( 'default', 'payment_video_disputecreate', NULL),
( 'default', 'payment_video_disputeclear', NULL),
( 'default', 'payment_video_pending', NULL),
( 'default', 'payment_video_completed', NULL),
( 'default', 'payment_video_failed', NULL),
( 'default', 'payment_video_refunded', NULL),
( 'default', 'channel_support_payment_subscription_active', NULL),
( 'default', 'channel_support_payment_subscription_pending', NULL),
( 'default', 'channel_support_payment_subscription_overdue', NULL),
( 'default', 'channel_support_payment_subscription_refunded', NULL),
( 'default', 'channel_support_payment_subscription_expired', NULL),
( 'default', 'channel_support_payment_subscription_recurrence', NULL),
( 'default', 'channel_support_payment_subscription_cancelled', NULL),
( 'default', 'channel_support_payment_subscription_disputeclear', NULL),
( 'default', 'channel_support_payment_subscription_disputecreate', NULL),
( 'audio', 'audio_admin_approved', '{\"audio\":\"audio\"}'),
( 'audio', 'audio_comment', '{\"audio\":\"audio\"}'),
( 'audio', 'audio_reply_comment', '{\"audio\":\"audio\",\"comment\":\"comment\"}'),
( 'audio', 'audio_comments_like', '{\"audio\":\"audio\",\"comment\":\"comment\"}'),
( 'audio', 'audio_comments_dislike', '{\"audio\":\"audio\",\"comment\":\"comment\"}'),
( 'audio', 'audio_reply_like', '{\"comment\":\"comment\",\"reply\":\"reply\"}'),
( 'audio', 'audio_reply_dislike', '{\"comment\":\"comment\",\"reply\":\"reply\"}'),
( 'audio', 'audio_favourite', '{\"audio\":\"audio\"}'),
( 'audio', 'audio_like', '{\"audio\":\"audio\"}'),
( 'audio', 'audio_dislike', '{\"audio\":\"audio\"}'),
( 'videos', 'videos_processed_complete', '{\"videos\":\"video\"}'),
( 'videos', 'videos_processed_failed', '{\"videos\":\"video\"}'),
( 'videos', 'videos_comment', '{\"videos\":\"video\"}'),
( 'videos', 'videos_reply_comment', '{\"videos\":\"video\",\"comment\":\"comment\"}'),
( 'videos', 'videos_comments_like', '{\"videos\":\"video\",\"comment\":\"comment\"}'),
( 'videos', 'videos_comments_dislike', '{\"videos\":\"video\",\"comment\":\"comment\"}'),
( 'videos', 'videos_reply_like', '{\"comment\":\"comment\",\"reply\":\"reply\"}'),
( 'videos', 'videos_reply_dislike', '{\"comment\":\"comment\",\"reply\":\"reply\"}'),
( 'videos', 'videos_favourite', '{\"videos\":\"video\"}'),
( 'videos', 'videos_watchlater', '{\"videos\":\"video\"}'),
( 'videos', 'videos_like', '{\"videos\":\"video\"}'),
( 'videos', 'videos_dislike', '{\"videos\":\"video\"}'),
( 'videos', 'videos_featured', '{\"videos\":\"video\"}'),
( 'videos', 'videos_sponsored', '{\"videos\":\"video\"}'),
( 'videos', 'videos_hot', '{\"videos\":\"video\"}'),
( 'videos', 'videos_admin_approved', '{\"videos\":\"video\"}'),
( 'videos', 'videos_admin_disapproved', '{\"videos\":\"video\"}'),
( 'videos', 'videos_rating', '{\"videos\":\"video\"}'),
( 'channels', 'channels_comment', '{\"channels\":\"channel\"}'),
( 'channels', 'channels_reply_comment', '{\"channels\":\"channel\",\"comment\":\"comment\"}'),
( 'channels', 'channels_comments_like', '{\"channels\":\"channel\",\"comment\":\"comment\"}'),
( 'channels', 'channels_comments_dislike', '{\"channels\":\"channel\",\"comment\":\"comment\"}'),
( 'channels', 'channels_reply_like', '{\"reply\":\"reply\",\"comment\":\"comment\"}'),
( 'channels', 'channels_reply_dislike', '{\"reply\":\"reply\",\"comment\":\"comment\"}'),
( 'channels', 'channel_posts_comment', '{\"channel_posts\":\"post\"}'),
( 'channels', 'channel_posts_comments_like', '{\"channel_posts\":\"channel_posts\",\"comment\":\"comment\"}'),
( 'channels', 'channel_posts_comments_dislike', '{\"channel_posts\":\"channel_posts\",\"comment\":\"comment\"}'),
( 'channels', 'channel_posts_reply_like', '{\"reply\":\"reply\",\"comment\":\"comment\"}'),
( 'channels', 'channel_posts_reply_dislike', '{\"reply\":\"reply\",\"comment\":\"comment\"}'),
( 'channels', 'channels_favourite', '{\"channels\":\"channel\"}'),
( 'channels', 'channels_like', '{\"channels\":\"channel\"}'),
( 'channels', 'channel_posts_like', '{\"channel_posts\":\"channel_posts\"}'),
( 'channels', 'channel_posts_dislike', '{\"channel_posts\":\"channel_posts\"}'),
( 'channels', 'channels_dislike', '{\"channels\":\"channel\"}'),
( 'channels', 'channels_featured', '{\"channels\":\"channel\"}'),
( 'channels', 'channels_sponsored', '{\"channels\":\"channel\"}'),
( 'channels', 'channels_hot', '{\"channels\":\"channel\"}'),
( 'channels', 'channels_admin_approved', '{\"channels\":\"channel\"}'),
( 'channels', 'channels_admin_disapproved', '{\"channels\":\"channel\"}'),
( 'channels', 'channels_rating', '{\"channels\":\"channel\"}'),
( 'channels', 'channels_follow', '{\"channels\":\"channel\"}'),
( 'channels', 'channels_followed', '{\"channels\":\"channel\"}'),
( 'channels', 'channels_verified', '{\"channels\":\"channel\"}'),
( 'playlists', 'playlists_comment', '{\"playlists\":\"playlists\"}'),
( 'playlists', 'playlists_reply_comment', '{\"playlists\":\"playlist\",\"comment\":\"comment\"}'),
( 'playlists', 'playlists_comments_like', '{\"playlists\":\"playlist\",\"comment\":\"comment\"}'),
( 'playlists', 'playlists_comments_dislike', '{\"playlists\":\"playlist\",\"comment\":\"comment\"}'),
( 'playlists', 'playlists_reply_like', '{\"reply\":\"reply\",\"comment\":\"comment\"}'),
( 'playlists', 'playlists_reply_dislike', '{\"reply\":\"reply\",\"comment\":\"comment\"}'),
( 'playlists', 'playlists_favourite', '{\"playlists\":\"playlists\"}'),
( 'playlists', 'playlists_like', '{\"playlists\":\"playlists\"}'),
( 'playlists', 'playlists_dislike', '{\"playlists\":\"playlists\"}'),
( 'playlists', 'playlists_featured', '{\"playlists\":\"playlists\"}'),
( 'playlists', 'playlists_sponsored', '{\"playlists\":\"playlists\"}'),
( 'playlists', 'playlists_hot', '{\"playlists\":\"playlists\"}'),
( 'playlists', 'playlists_admin_approved', '{\"playlists\":\"playlists\"}'),
( 'playlists', 'playlists_admin_disapproved', '{\"playlists\":\"playlists\"}'),
( 'playlists', 'playlists_rating', '{\"playlists\":\"playlists\"}'),
( 'blogs', 'blogs_comment', '{\"blogs\":\"blogs\"}'),
( 'blogs', 'blogs_reply_comment', '{\"blogs\":\"blogs\",\"comment\":\"comment\"}'),
( 'blogs', 'blogs_comments_like', '{\"blogs\":\"blogs\",\"comment\":\"comment\"}'),
( 'blogs', 'blogs_comments_dislike', '{\"blogs\":\"blogs\",\"comment\":\"comment\"}'),
( 'blogs', 'blogs_reply_like', '{\"reply\":\"reply\",\"comment\":\"comment\"}'),
( 'blogs', 'blogs_reply_dislike', '{\"reply\":\"reply\",\"comment\":\"comment\"}'),
( 'blogs', 'blogs_favourite', '{\"blogs\":\"blogs\"}'),
( 'blogs', 'blogs_like', '{\"blogs\":\"blogs\"}'),
( 'blogs', 'blogs_dislike', '{\"blogs\":\"blogs\"}'),
( 'blogs', 'blogs_featured', '{\"blogs\":\"blogs\"}'),
( 'blogs', 'blogs_sponsored', '{\"blogs\":\"blogs\"}'),
( 'blogs', 'blogs_hot', '{\"blogs\":\"blogs\"}'),
( 'blogs', 'blogs_admin_approved', '{\"blogs\":\"blogs\"}'),
( 'blogs', 'blogs_admin_disapproved', '{\"blogs\":\"blogs\"}'),
( 'blogs', 'blogs_rating', '{\"blogs\":\"blogs\"}'),
( 'members', 'members_comment', '{\"members\":\"profile\"}'),
( 'members', 'members_reply_comment', '{\"members\":\"profile\",\"comment\":\"comment\"}'),
( 'members', 'members_comments_like', '{\"members\":\"profile\",\"comment\":\"comment\"}'),
( 'members', 'members_comments_dislike', '{\"members\":\"profile\",\"comment\":\"comment\"}'),
( 'members', 'members_reply_like', '{\"reply\":\"reply\",\"comment\":\"comment\"}'),
( 'members', 'members_reply_dislike', '{\"reply\":\"reply\",\"comment\":\"comment\"}'),
( 'members', 'members_favourite', '{\"members\":\"profile\"}'),
( 'members', 'members_like', '{\"members\":\"profile\"}'),
( 'members', 'members_dislike', '{\"members\":\"profile\"}'),
( 'members', 'members_featured', '{\"members\":\"profile\"}'),
( 'members', 'members_sponsored', '{\"members\":\"profile\"}'),
( 'members', 'members_admin_approved', '{\"members\":\"profile\"}'),
( 'members', 'members_verified', '{\"members\":\"profile\"}'),
( 'members', 'members_reject_verified', '{\"members\":\"profile\"}'),
( 'members', 'members_admin_disapproved', '{\"members\":\"profile\"}'),
( 'members', 'members_hot', '{\"members\":\"profile\"}'),
( 'members', 'members_rating', '{\"members\":\"profile\"}'),
( 'members', 'members_follow', '{\"members\":\"profile\"}'),
( 'members', 'members_followed', '{\"members\":\"profile\"}'),
( 'livestreaming', 'live_video', '{\"videos\":\"video\"}'),
( 'default', 'member_invite', '{}'),
( 'default', 'bankdetails_videopurchase_approved', '{}'),
( 'default', 'bankdetails_rechargewallet_approved', '{}'),
( 'default', 'bankdetails_membersubscription_approved', '{}'),
( 'default', 'bankdetails_channelsubscription_approved', '{}');

DROP TABLE IF EXISTS `bankdetails`;
CREATE TABLE `bankdetails` (
  `bank_id` int(11) unsigned NOT NULL auto_increment,
  `owner_id` int(11) unsigned NOT NULL,
  `resource_type` varchar(255) not null,
  `resource_id` varchar(255) not null,
  `package_id` INT(11) NOT NULL DEFAULT '0',
  `price` varchar(255) NOT NULL,
  `currency` varchar(255) NOT NULL,
  `type` varchar(45) NOT NULL,
  `creation_date` datetime NOT NULL,
  `approve_date` datetime NOT NULL,
  `image` varchar(255) NOT NULL,
  `status` tinyint (1) NOT NULL default '0',
  PRIMARY KEY (`bank_id`),
  KEY `status` (`status`)
) ENGINE=InnoDB DEFAULT CHARSET=utf8 COLLATE utf8_unicode_ci;

DROP TABLE IF EXISTS `slideshows`;
CREATE TABLE `slideshows`(
  `slideshow_id` int(11) unsigned NOT NULL auto_increment,
  `title` varchar(255) CHARACTER SET utf8mb4 COLLATE utf8mb4_bin NOT  NULL,
  `description` text CHARACTER SET utf8mb4 COLLATE utf8mb4_bin NOT  NULL,
  `image` varchar(255)  NULL,
  `button_1_enabled` tinyint(1) NOT NULL DEFAULT "1",
  `link1` varchar(255)  NULL,
  `text1` varchar(255)  NULL,
  `button_2_enabled` tinyint(1) NOT NULL DEFAULT "1",
  `link2` varchar(255)  NULL,
  `text2` varchar(255)  NULL,
  `enabled` tinyint(1) NOT NULL DEFAULT '1',
  `order` int(11) unsigned NOT NULL default '0',
  PRIMARY KEY (`slideshow_id`),
  KEY `enabled` (`enabled`)
) ENGINE=InnoDB DEFAULT CHARSET=utf8 COLLATE utf8_unicode_ci;

DROP TABLE IF EXISTS `artists`;
CREATE TABLE `artists`(
  `artist_id` int(11) unsigned NOT NULL auto_increment,
  `custom_url` varchar(255) NOT NULL,
  `title` varchar(255) CHARACTER SET utf8mb4 COLLATE utf8mb4_bin NOT  NULL,
  `description` text CHARACTER SET utf8mb4 COLLATE utf8mb4_bin NULL,
  `image` varchar(255)  NULL,
  `type` varchar(10) NOT NULL DEFAULT "video",
  `autoapprove_comments` TINYINT(1) NOT NULL DEFAULT '1',
  `verified` TINYINT(1) NOT NULL DEFAULT '0',
  `view_count` int(11) unsigned NOT NULL default '0',
  `comment_count` int(11) unsigned NOT NULL default '0',
  `like_count` int(11) unsigned NOT NULL default '0',
  `dislike_count` int(11) unsigned NOT NULL default '0',  
  `favourite_count` int(11) unsigned NOT NULL default '0',
  `rating` float default '0.0',
  `age` VARCHAR(255) NULL,
  `gender` VARCHAR(255) NULL,
  `birthplace` VARCHAR(255) NULL,
  PRIMARY KEY (`artist_id`),
  KEY `custom_url` (`custom_url`),
  KEY `verified` (`verified`),
  KEY `view_count` (`view_count`),
  KEY `comment_count` (`comment_count`),
  KEY `like_count` (`like_count`),
  KEY `dislike_count` (`dislike_count`),
  KEY `favourite_count` (`favourite_count`),
  KEY `rating` (`rating`)
) ENGINE=InnoDB DEFAULT CHARSET=utf8 COLLATE utf8_unicode_ci;

INSERT INTO `artists` (`artist_id`, `custom_url`, `title`, `description`, `image`, `type`, `verified`, `view_count`, `comment_count`, `like_count`, `dislike_count`, `favourite_count`, `rating`) VALUES
(1, 'va9nqk4w8dsix', 'Adele Laurie', 'Adele Laurie Blue Adkins MBE is an English singer-songwriter. After graduating from the BRIT School in 2006, Adele signed a recording contract with XL Recordings. In 2007, she received the Brit Awards Critics Choice award and won the BBC Sound of 2008 poll.', '/upload/images/videos/artists/1577961536493_l35lzd_AdeleLaurie_main.jpg', 'video', 0, 0, 0, 0, 0, 0, 0),
(2, 'va9wdk4wiwdor', 'Beyonce Giselle', 'Beyoncé Giselle Knowles-Carter is an American singer, songwriter, record producer, and actress. Born and raised in Houston, Texas, Beyoncé performed in various singing and dancing competitions as a child.', '/upload/images/videos/artists/1577961526811_0fsrks_beyonce_main.jpg', 'video', 0, 0, 0, 0, 0, 0, 0),
(3, 'va9wdk4wix66p', 'Britney Spears', 'Britney Jean Spears is an American singer, songwriter, dancer, and actress. Born in McComb, Mississippi and raised in Kentwood, Louisiana, she appeared in stage productions and television series, before signing with Jive Records in 1997. Spears first two studio albums, ...Baby One More Time and Oops!', '/upload/images/videos/artists/1577961518999_hbdjkq_BritneySpears_main.jpg', 'video', 0, 0, 0, 0, 0, 0, 0),
(4, 'va9wdk4wixo71', 'Chris Brown', 'Christopher Maurice Brown is an American singer, songwriter and dancer. Born in Tappahannock, Virginia, he was involved in his church choir and several local talent shows from a young age.', '/upload/images/videos/artists/1577961512448_vg6jdk_ChrisBrown_main.jpg', 'video', 0, 0, 0, 0, 0, 0, 0),
(5, 'va9wdk4wiyk5c', 'Aubrey Drake Graham', 'Aubrey Drake Graham is a Canadian rapper, singer, songwriter, producer, actor, and businessman. Drake initially gained recognition as an actor on the teen drama television series Degrassi.', '/upload/images/videos/artists/1577961505179_fhp3fl_Drake_main.jpg', 'video', 0, 0, 0, 0, 0, 0, 0),
(6, 'va9wdk4wiz3yw', 'Eminem', 'Marshall Bruce Mathers III, known professionally as Eminem, is an American rapper, songwriter, record producer, record executive, film producer, and actor. He is consistently cited as one of the greatest and most influential rappers of all time.', '/upload/images/videos/artists/1577961494637_rhe2zm_Eminem_main.jpg', 'video', 0, 0, 0, 0, 0, 0, 0),
(7, 'va9wdk4wkunc4', 'Halle Berry', 'Halle Maria Berry is an American actress. Berry won the Academy Award for Best Actress for her performance in the romantic drama film Monsters Ball, becoming the only woman of African American descent to have won the award.', '/upload/images/videos/artists/1577961488499_x7boe_HalleBerry_main.jpg', 'video', 0, 0, 0, 0, 0, 0, 0),
(8, 'va9wdk4wkvont', 'Jay Z', 'Shawn Corey Carter, known professionally as Jay-Z, is an American rapper, songwriter, producer, entrepreneur, and record executive. He is regarded as one of the greatest rappers of all time. ', '/upload/images/videos/artists/1577961482042_wmg23n_JayZ_main.jpg', 'video', 0, 0, 0, 0, 0, 0, 0),
(9, 'va9wdk4wkw4cq', 'Jennifer Aniston', 'Jennifer Joanna Aniston is an American actress, film producer, and businesswoman. The daughter of actors John Aniston and Nancy Dow, she began working as an actress at an early age with an uncredited role in the 1987 film Mac and Me. Her first major film role came in the 1993 horror comedy Leprechaun.', '/upload/images/videos/artists/1577961475013_ldq7a_JenniferAniston_main.jpeg', 'video', 0, 0, 0, 0, 0, 0, 0),
(10, 'va9wdk4wkwk45', 'Jennifer Lopez', 'Jennifer Lynn Lopez, also known by her nickname J.Lo, is an American actress, singer, dancer, fashion designer, producer and businesswoman. In 1991, Lopez began appearing as a Fly Girl dancer on In Living Color, where she remained a regular until she decided to pursue an acting career in 1993.', '/upload/images/videos/artists/1577961468900_4d59ls_JenniferLopez_main.jpg', 'video', 0, 0, 0, 0, 0, 0, 0),
(11, 'va9wdk4wl107r', 'Justin Bieber', 'Justin Drew Bieber is a Canadian singer, songwriter and actor. Discovered at 13 years old by talent manager Scooter Braun after he had watched his YouTube cover song videos, Bieber was signed to RBMG Records in 2008.', '/upload/images/videos/artists/1577960646986_mqkoje_image_main.jpg', 'video', 0, 0, 0, 0, 0, 0, 0),
(12, 'va9wdk4wlnzh3', 'Taylor Swift', 'Taylor Alison Swift is an American singer-songwriter. She is known for narrative songs about her personal life, which have received widespread media coverage. At age 14, she became the youngest artist signed by the Sony/ATV Music publishing house and, at 15, she signed her first record deal.', '/upload/images/videos/artists/1577961718224_8nm4sg_9108999_main.jpg', 'video', 0, 0, 0, 0, 0, 0, 0),
(13, 'va9wdk4wlop14', 'Sandra Bullock', 'Sandra Annette Bullock is an American actress, producer, and philanthropist. She was the highest paid actress in the world in 2010 and 2014. In 2015, Bullock was chosen as Peoples Most Beautiful Woman and was included in Times 100 most influential people in the world in 2010.', '/upload/images/videos/artists/1577961751157_k6aff_SandraBullock_main.jpg', 'video', 0, 0, 0, 0, 0, 0, 0),
(14, 'va9wdk4wlp6e4', 'Rihanna', 'Robyn Rihanna Fenty is a Barbadian singer, songwriter, fashion designer, actress and businesswoman, who has been recognized for embracing various musical styles and reinventing her image throughout her career.', '/upload/images/videos/artists/1577961775256_v6vkfe_Rihanna_main.jpg', 'video', 0, 0, 0, 0, 0, 0, 0),
(15, 'va9wdk4wlpnc4', 'Nicki Minaj', 'Onika Tanya Maraj-Petty, known professionally as Nicki Minaj, is a Trinidad and Tobago-born rapper, singer, songwriter, actress, and model.', '/upload/images/videos/artists/1577961797274_rs17q_NickiMinaj_main.jpg', 'video', 0, 0, 0, 0, 0, 0, 0),
(16, 'va9wdk4wlq2e1', 'Shakira', 'Shakira Isabel Mebarak Ripoll is a Colombian singer, songwriter, dancer, businesswoman, and philanthropist. Born and raised in Barranquilla, she made her recording debut under Sony Music Colombia at the age of 13', '/upload/images/videos/artists/1577961816748_vb81r_Shakira_main.jpg', 'video', 0, 0, 0, 0, 0, 0, 0),
(17, 'va9nqk4w8dsixc', 'Adele Laurie', 'Adele Laurie Blue Adkins MBE is an English singer-songwriter. After graduating from the BRIT School in 2006, Adele signed a recording contract with XL Recordings. In 2007, she received the Brit Awards Critics Choice award and won the BBC Sound of 2008 poll.', '/upload/images/channels/artists/1577961536493_l35lzd_AdeleLaurie_main.jpg', 'channel', 0, 0, 0, 0, 0, 0, 0),
(18, 'va9wdk4wiwdorc', 'Beyonce Giselle', 'Beyoncé Giselle Knowles-Carter is an American singer, songwriter, record producer, and actress. Born and raised in Houston, Texas, Beyoncé performed in various singing and dancing competitions as a child.', '/upload/images/channels/artists/1577961526811_0fsrks_beyonce_main.jpg', 'channel', 0, 0, 0, 0, 0, 0, 0),
(19, 'va9wdk4wix66pc', 'Britney Spears', 'Britney Jean Spears is an American singer, songwriter, dancer, and actress. Born in McComb, Mississippi and raised in Kentwood, Louisiana, she appeared in stage productions and television series, before signing with Jive Records in 1997. Spears first two studio albums, ...Baby One More Time and Oops!', '/upload/images/channels/artists/1577961518999_hbdjkq_BritneySpears_main.jpg', 'channel', 0, 0, 0, 0, 0, 0, 0),
(20, 'va9wdk4wixo71c', 'Chris Brown', 'Christopher Maurice Brown is an American singer, songwriter and dancer. Born in Tappahannock, Virginia, he was involved in his church choir and several local talent shows from a young age.', '/upload/images/channels/artists/1577961512448_vg6jdk_ChrisBrown_main.jpg', 'channel', 0, 0, 0, 0, 0, 0, 0),
(21, 'va9wdk4wiyk5cc', 'Aubrey Drake Graham', 'Aubrey Drake Graham is a Canadian rapper, singer, songwriter, producer, actor, and businessman. Drake initially gained recognition as an actor on the teen drama television series Degrassi.', '/upload/images/channels/artists/1577961505179_fhp3fl_Drake_main.jpg', 'channel', 0, 0, 0, 0, 0, 0, 0),
(22, 'va9wdk4wiz3ywc', 'Eminem', 'Marshall Bruce Mathers III, known professionally as Eminem, is an American rapper, songwriter, record producer, record executive, film producer, and actor. He is consistently cited as one of the greatest and most influential rappers of all time.', '/upload/images/channels/artists/1577961494637_rhe2zm_Eminem_main.jpg', 'channel', 0, 0, 0, 0, 0, 0, 0),
(23, 'va9wdk4wkunc4c', 'Halle Berry', 'Halle Maria Berry is an American actress. Berry won the Academy Award for Best Actress for her performance in the romantic drama film Monsters Ball, becoming the only woman of African American descent to have won the award.', '/upload/images/channels/artists/1577961488499_x7boe_HalleBerry_main.jpg', 'channel', 0, 0, 0, 0, 0, 0, 0),
(24, 'va9wdk4wkvontc', 'Jay Z', 'Shawn Corey Carter, known professionally as Jay-Z, is an American rapper, songwriter, producer, entrepreneur, and record executive. He is regarded as one of the greatest rappers of all time. ', '/upload/images/channels/artists/1577961482042_wmg23n_JayZ_main.jpg', 'channel', 0, 0, 0, 0, 0, 0, 0),
(25, 'va9wdk4wkw4cqc', 'Jennifer Aniston', 'Jennifer Joanna Aniston is an American actress, film producer, and businesswoman. The daughter of actors John Aniston and Nancy Dow, she began working as an actress at an early age with an uncredited role in the 1987 film Mac and Me. Her first major film role came in the 1993 horror comedy Leprechaun.', '/upload/images/channels/artists/1577961475013_ldq7a_JenniferAniston_main.jpeg', 'channel', 0, 0, 0, 0, 0, 0, 0),
(26, 'va9wdk4wkwk45c', 'Jennifer Lopez', 'Jennifer Lynn Lopez, also known by her nickname J.Lo, is an American actress, singer, dancer, fashion designer, producer and businesswoman. In 1991, Lopez began appearing as a Fly Girl dancer on In Living Color, where she remained a regular until she decided to pursue an acting career in 1993.', '/upload/images/channels/artists/1577961468900_4d59ls_JenniferLopez_main.jpg', 'channel', 0, 0, 0, 0, 0, 0, 0),
(27, 'va9wdk4wl107rc', 'Justin Bieber', 'Justin Drew Bieber is a Canadian singer, songwriter and actor. Discovered at 13 years old by talent manager Scooter Braun after he had watched his YouTube cover song videos, Bieber was signed to RBMG Records in 2008.', '/upload/images/channels/artists/1577960646986_mqkoje_image_main.jpg', 'channel', 0, 0, 0, 0, 0, 0, 0),
(28, 'va9wdk4wlnzh3c', 'Taylor Swift', 'Taylor Alison Swift is an American singer-songwriter. She is known for narrative songs about her personal life, which have received widespread media coverage. At age 14, she became the youngest artist signed by the Sony/ATV Music publishing house and, at 15, she signed her first record deal.', '/upload/images/channels/artists/1577961718224_8nm4sg_9108999_main.jpg', 'channel', 0, 0, 0, 0, 0, 0, 0),
(29, 'va9wdk4wlop14c', 'Sandra Bullock', 'Sandra Annette Bullock is an American actress, producer, and philanthropist. She was the highest paid actress in the world in 2010 and 2014. In 2015, Bullock was chosen as Peoples Most Beautiful Woman and was included in Times 100 most influential people in the world in 2010.', '/upload/images/channels/artists/1577961751157_k6aff_SandraBullock_main.jpg', 'channel', 0, 0, 2, 0, 0, 0, 0),
(30, 'va9wdk4wlp6e4c', 'Rihanna', 'Robyn Rihanna Fenty is a Barbadian singer, songwriter, fashion designer, actress and businesswoman, who has been recognized for embracing various musical styles and reinventing her image throughout her career.', '/upload/images/channels/artists/1577961775256_v6vkfe_Rihanna_main.jpg', 'channel', 0, 0, 0, 0, 0, 0, 0),
(31, 'va9wdk4wlpnc4c', 'Nicki Minaj', 'Onika Tanya Maraj-Petty, known professionally as Nicki Minaj, is a Trinidad and Tobago-born rapper, singer, songwriter, actress, and model.', '/upload/images/channels/artists/1577961797274_rs17q_NickiMinaj_main.jpg', 'channel', 0, 0, 0, 0, 0, 0, 0),
(32, 'va9wdk4wlq2e1c', 'Shakira', 'Shakira Isabel Mebarak Ripoll is a Colombian singer, songwriter, dancer, businesswoman, and philanthropist. Born and raised in Barranquilla, she made her recording debut under Sony Music Colombia at the age of 13', '/upload/images/channels/artists/1577961816748_vb81r_Shakira_main.jpg', 'channel', 0, 0, 0, 0, 0, 0, 0);

DROP TABLE IF EXISTS `artist_photos`;
CREATE TABLE `artist_photos` (
  `photo_id` int(11) UNSIGNED NOT NULL auto_increment,
   `artist_id` int(11) NOT NULL,
  `image` varchar(255) NOT NULL,
  `title` varchar(255) NULL,
  `description` text NULL,
  PRIMARY KEY (`photo_id`),
  KEY `artist_id` (`artist_id`)
) ENGINE=InnoDB DEFAULT CHARSET=utf8 COLLATE=utf8_unicode_ci;

DROP TABLE IF EXISTS `item_artists`;
CREATE TABLE `item_artists`(
  `item_artist_id` int(11) unsigned NOT NULL auto_increment,
  `type` varchar(10) NOT  NULL default "video",
  `id` int(11) unsigned NOT NULL default '0',
  PRIMARY KEY (`item_artist_id`),
  KEY `type` (`type`,`id`)
) ENGINE=InnoDB DEFAULT CHARSET=utf8 COLLATE utf8_unicode_ci;

DROP TABLE IF EXISTS `pages`;
CREATE TABLE `pages`(
  `page_id` int(11) unsigned NOT NULL auto_increment,
  `type` varchar(45) NOT NULL DEFAULT "",
  `label` varchar(255) CHARACTER SET utf8mb4 COLLATE utf8mb4_bin NOT  NULL, 
  `title` varchar(255) CHARACTER SET utf8mb4 COLLATE utf8mb4_bin  NULL,
  `url` varchar(255) NULL,
  `description` varchar(255)  NULL,
  `keywords` varchar(255)  NULL,
  `image` varchar(255)  NULL,
  `content` text NULL,
  `view_count` int(11) NOT NULL DEFAULT '0',
  `custom` tinyint(1) NOT NULL DEFAULT '0',
  `banner_image` tinyint(1) NOT NULL default '0',
  `banner` VARCHAR(255) NULL,
  `custom_tags` TEXT NULL,
  PRIMARY KEY (`page_id`),
  UNIQUE KEY `type` (`type`)
) ENGINE=InnoDB DEFAULT CHARSET=utf8 COLLATE utf8_unicode_ci;


INSERT INTO `pages` (`page_id`, `type`, `label`, `title`, `url`, `description`, `keywords`, `image`, `content`, `view_count`, `custom`, `banner_image`, `banner`) VALUES
(1, 'landing_page', 'Landing Page', 'Landing Page', '', '', NULL, '', '0', 101, 0, 0, NULL),
(4, 'video_artist_browse', 'Video Artist Browse Page', 'Videos Artists', NULL, '', '', NULL, NULL, 0, 0, 0, NULL),
(5, 'channel_artist_browse', 'Channel Artist Browse Page', 'Channels Artists', NULL, '', '', NULL, NULL, 5, 0, 0, NULL),
(6, 'video_artist_view', 'Video Artist View Page', '', NULL, '', '', NULL, NULL, 4, 0, 0, NULL),
(7, 'channel_artist_view', 'Channel Artist View Page', '', NULL, '', '', NULL, NULL, 1, 0, 0, NULL),
(8, 'blog_browse', 'Blog Browse Page', 'Blogs', NULL, '', '', NULL, NULL, 4, 0, 0, NULL),
(9, 'blog_category_view', 'Blog Category View Page', '', NULL, '', '', NULL, NULL, 21, 0, 0, NULL),
(10, 'playlist_edit_create', 'Playlist Edit Page', 'Edit Playlist', NULL, '', '', NULL, NULL, 0, 0, 1, NULL),
(11, 'ads_create', 'Ads Create Page', 'Create Advertisement', NULL, '', '', NULL, NULL, 1, 0, 1, NULL),
(12, 'ads_edit', 'Ads Edit Page', 'Edit Advertisement', NULL, '', '', NULL, NULL, 0, 0, 1, NULL),
(13, 'login', 'Login Page', 'Login', NULL, '', '', NULL, NULL, 1, 0, 1, NULL),
(14, 'signup', 'Signup Page', 'Signup', NULL, '', '', NULL, NULL, 5, 0, 1, NULL),
(15, 'forgot_password', 'Forgot Password Page', 'Forgot Password', NULL, '', '', NULL, NULL, 0, 0, 1, NULL),
(16, 'forgot_password_verify', 'Forgot Password Verify Page', 'Forgot Password Verify', NULL, '', '', NULL, NULL, 0, 0, 1, NULL),
(17, 'browse_blog_category_view', 'Blog Browse Category Page', 'Blogs Categories', NULL, '', '', NULL, NULL, 19, 0, 0, NULL),
(18, 'blog_create', 'Blog Create Page', 'Create Blog', NULL, '', '', NULL, NULL, 3, 0, 1, NULL),
(19, 'blog_edit', 'Blog Edit Page', 'Edit Blog', NULL, '', '', NULL, NULL, 0, 0, 1, NULL),
(20, 'browse_channel_category_view', 'Channel Browse Category Page', 'Channels Categories', NULL, '', '', NULL, NULL, 8, 0, 0, NULL),
(21, 'channel_category_view', 'Channel Category View Page', '', NULL, '', '', NULL, NULL, 1, 0, 0, NULL),
(22, 'channel_browse', 'Channel Browse Page', 'Channels', NULL, '', '', NULL, NULL, 77, 0, 0, NULL),
(23, 'channel_view', 'Channel View Page', '', NULL, '', '', NULL, NULL, 0, 0, 0, NULL),
(24, 'channel_create', 'Channel Create Page', 'Create Channel', NULL, '', '', NULL, NULL, 4, 0, 1, NULL),
(25, 'channel_edit', 'Channel Edit Page', 'Edit Channel', NULL, '', '', NULL, NULL, 0, 0, 1, NULL),
(26, 'dashboard', 'Member Dashboard', 'Dashboard', NULL, '', '', NULL, NULL, 31, 0, 0, NULL),
(27, 'privacy', 'Privacy Page', 'Privacy Policy', NULL, '', '', NULL, '<h3>Policy Step 1:</h3>\n\n<p>Lorem ipsum dolor sit amet, consectetur adipiscing elit, sed do eiusmod tempor incididunt ut labore et dolore magna aliqua. Ut enim ad minim veniam, quis nostrud exercitation ullamco laboris nisi ut aliquip ex ea commodo consequat. Duis aute irure dolor in reprehenderit in voluptate velit esse cillum dolore eu fugiat nulla pariatur. Excepteur sint occaecat cupidatat non proident, sunt in culpa qui officia deserunt mollit anim id est laborum.</p>\n\n<h3>Policy Step 2:</h3>\n\n<p>Lorem ipsum dolor sit amet, consectetur adipiscing elit, sed do eiusmod tempor incididunt ut labore et dolore magna aliqua. Ut enim ad minim veniam, quis nostrud exercitation ullamco laboris nisi ut aliquip ex ea commodo consequat. Duis aute irure dolor in reprehenderit in voluptate velit esse cillum dolore eu fugiat nulla pariatur. Excepteur sint occaecat cupidatat non proident, sunt in culpa qui officia deserunt mollit anim id est laborum.</p>\n<h3>Policy Step 3:</h3>\n\n<p>Lorem ipsum dolor sit amet, consectetur adipiscing elit, sed do eiusmod tempor incididunt ut labore et dolore magna aliqua. Ut enim ad minim veniam, quis nostrud exercitation ullamco laboris nisi ut aliquip ex ea commodo consequat. Duis aute irure dolor in reprehenderit in voluptate velit esse cillum dolore eu fugiat nulla pariatur. Excepteur sint occaecat cupidatat non proident, sunt in culpa qui officia deserunt mollit anim id est laborum.</p>', 48, 0, 1, NULL),
(28, 'terms', 'Terms of Service Page', 'Terms of Service', NULL, '', '', NULL, '<h3>Terms Step 1:</h3>\r\n\r\n<p>Lorem ipsum dolor sit amet, consectetur adipiscing elit, sed do eiusmod tempor incididunt ut labore et dolore magna aliqua. Ut enim ad minim veniam, quis nostrud exercitation ullamco laboris nisi ut aliquip ex ea commodo consequat. Duis aute irure dolor in reprehenderit in voluptate velit esse cillum dolore eu fugiat nulla pariatur. Excepteur sint occaecat cupidatat non proident, sunt in culpa qui officia deserunt mollit anim id est laborum.</p>\r\n\r\n<h3>Terms Step 2:</h3>\r\n\r\n<p>Lorem ipsum dolor sit amet, consectetur adipiscing elit, sed do eiusmod tempor incididunt ut labore et dolore magna aliqua. Ut enim ad minim veniam, quis nostrud exercitation ullamco laboris nisi ut aliquip ex ea commodo consequat. Duis aute irure dolor in reprehenderit in voluptate velit esse cillum dolore eu fugiat nulla pariatur. Excepteur sint occaecat cupidatat non proident, sunt in culpa qui officia deserunt mollit anim id est laborum.</p>\r\n<h3>Terms Step 3:</h3>\r\n\r\n<p>Lorem ipsum dolor sit amet, consectetur adipiscing elit, sed do eiusmod tempor incididunt ut labore et dolore magna aliqua. Ut enim ad minim veniam, quis nostrud exercitation ullamco laboris nisi ut aliquip ex ea commodo consequat. Duis aute irure dolor in reprehenderit in voluptate velit esse cillum dolore eu fugiat nulla pariatur. Excepteur sint occaecat cupidatat non proident, sunt in culpa qui officia deserunt mollit anim id est laborum.</p>', 6, 0, 1, NULL),
(29, 'contact_us', 'Contact Page', 'Contact Us', NULL, '', '', NULL, NULL, 3, 0, 1, NULL),
(30, 'page_not_found', 'Page Not Found', 'Page Not Found', NULL, '', '', NULL, NULL, 188, 0, 0, NULL),
(31, 'playlist_browse', 'Playlist Browse Page', 'Playlists', NULL, '', '', NULL, NULL, 21, 0, 0, NULL),
(32, 'playlist_view', 'Playlist View Page', '', NULL, '', '', NULL, NULL, 0, 0, 0, NULL),
(33, 'search', 'Search Page', 'Search', NULL, '', '', NULL, NULL, 10, 0, 0, NULL),
(34, 'upgrade_browse', 'Upgrade Membership Browse Page', 'Upgrade Membership', NULL, '', '', NULL, NULL, 0, 0, 1, NULL),
(35, 'payment_success', 'Membership Payment Success Page', 'Payment Success', NULL, '', '', NULL, NULL, 0, 0, 1, NULL),
(36, 'payment_fail', 'Membership Payment Error Page', 'Payment Error', NULL, '', '', NULL, NULL, 0, 0, 1, NULL),
(37, 'member_browse', 'Member Browse Page', 'Members', NULL, '', '', NULL, NULL, 7, 0, 0, NULL),
(38, 'member_view', 'Member View Page', '', NULL, '', '', NULL, NULL, 3, 0, 0, NULL),
(39, 'browse_video_category_view', 'Video Browse Category Page', 'Videos Categories', NULL, '', '', NULL, NULL, 1, 0, 0, NULL),
(40, 'video_category_view', 'Video Category View Page', '', NULL, '', '', NULL, NULL, 0, 0, 0, NULL),
(41, 'video_browse', 'Video Browse Page', 'Videos', NULL, '', '', NULL, NULL, 96, 0, 0, NULL),
(42, 'video_view', 'Video View Page', '', NULL, '', '', NULL, NULL, 0, 0, 0, NULL),
(43, 'video_create', 'Video Create Page', 'Create Video', NULL, '', '', NULL, NULL, 9, 0, 1, NULL),
(44, 'video_edit', 'Video Edit Page', 'Edit Video', NULL, '', '', NULL, NULL, 0, 0, 1, NULL),
(45, 'permission_error', 'Permission Error Page', 'Permission Error', NULL, '', '', NULL, NULL, 0, 0, 0, NULL),
(46, 'maintenance', 'Maintenance Page', 'Maintenance Page', NULL, '', '', NULL, NULL, 0, 0, 1, NULL),
(47, 'verify_account', 'Verify Account Page', 'Verify Account', NULL, '', '', NULL, NULL, 0, 0, 1, NULL),
(48, 'live_streaming_create', 'Go Live Page', 'Go Live', '', '', NULL, '', '0', 0, 0, 0, NULL),
(49, 'treading_video_browse', 'Trending Video Browse Page', 'Trending Videos', NULL, '', '', NULL, NULL, 0, 0, 0, NULL),
(50, 'top_video_browse', 'Top Video Browse Page', 'Top Videos', NULL, '', '', NULL, NULL, 0, 0, 0, NULL),
(51, 'latest_video_browse', 'Latest Video Browse Page', 'Latest Videos', NULL, '', '', NULL, NULL, 0, 0, 0, NULL),
( 52,'live_video_browse', 'Live Videos Browse Page', 'Live Videos', NULL, '', '', NULL, NULL, 0, 0, 0, NULL),
(53, 'audio_browse', 'Audio Browse Page', 'Audio', NULL, '', '', NULL, NULL, 0, 0, 0, NULL),
(54, 'audio_view', 'Audio View Page', '', NULL, '', '', NULL, NULL, 0, 0, 0, NULL),
(55, 'audio_edit_create', 'Audio Edit Page', 'Edit Audio', NULL, '', '', NULL, NULL, 0, 0, 1, NULL),
(56, 'audio_create', 'Audio Create Page', 'Create Audio', NULL, '', '', NULL, NULL, 0, 0, 1, NULL);

DROP TABLE IF EXISTS `livestreaming_chats`;
CREATE TABLE `livestreaming_chats` (
  `chat_id` int(11) UNSIGNED NOT NULL auto_increment,
  `message` varchar(255) CHARACTER SET utf8mb4 COLLATE utf8mb4_bin NOT NULL,
  `owner_id` int(11) NOT NULL,
  `channel` varchar(255) NOT NULL,
  `params` VARCHAR(255) NOT NULL DEFAULT '{}',
  `id` VARCHAR(255) NULL,
  `creation_date` datetime NOT NULL, 
  PRIMARY KEY (`chat_id`),
  KEY `owner_id` (`owner_id`),
  KEY `id` (`id`)
) ENGINE=InnoDB DEFAULT CHARSET=utf8 COLLATE=utf8_unicode_ci;

DROP TABLE IF EXISTS `menus`;
CREATE TABLE `menus`(
  `menu_id` int(11) unsigned NOT NULL auto_increment,
  `submenu_id` int(11) unsigned NOT NULL DEFAULT '0',
  `subsubmenu_id` int(11) unsigned NOT NULL DEFAULT '0',
  `label` varchar(255) CHARACTER SET utf8mb4 COLLATE utf8mb4_bin NOT  NULL,
  `params` varchar(255)  NULL,
  `customParam` varchar(255)  NULL,
  `target` varchar(45) NOT NULL DEFAULT '_self',
  `url` varchar(255) NOT NULL DEFAULT '',
  `enabled` tinyint(1) NOT NULL DEFAULT '1',
  `order` int(11) NOT NULL DEFAULT '0',
  `icon` varchar(45) NOT NULL DEFAULT '',
  `custom` TINYINT(1) NOT NULL DEFAULT '0',
  `content_type` varchar(45) NULL,
  `type` TINYINT(1) NOT NULL DEFAULT '1' COMMENT '1=>main menu, 2 => footer menu, 3 => bottom footer menu,4 => site social share links',
  PRIMARY KEY (`menu_id`),
  key `type` (`type`),
  KEY `submenu_id` (`submenu_id`),
  KEY `subsubmenu_id` (`subsubmenu_id`),
  KEY `enabled` (`enabled`),
  KEY `order` (`order`)
) ENGINE=InnoDB DEFAULT CHARSET=utf8 COLLATE utf8_unicode_ci;


INSERT INTO `menus` ( `submenu_id`, `subsubmenu_id`, `label`, `params`, `customParam`, `target`, `url`, `enabled`, `order`, `icon`, `custom`, `type`,`content_type`) VALUES
( 0, 0, 'Videos', NULL, NULL, '_self', '/videos', 1, 7, 'fas fa-video', 0, 1,'videos'),
( 0, 0, 'Live', NULL, 'live-streaming=1', '_self', '/live', 0, 7, 'fa fa-play', 0, 1,'live-streaming'),
( 0, 0, 'Channels', NULL, NULL, '_self', '/channels', 1, 6, 'fas fa-file-video', 0, 1,'channels'),
( 0, 0, 'Playlists', NULL, NULL, '_self', '/playlists', 1, 1, 'fa fa-play-circle', 0, 1,'playlists'),
( 0, 0, 'Members', NULL, NULL, '_self', '/members', 1, 5, 'fas fa-user-friends', 0, 1,NULL),
( 0, 0, 'Blogs', NULL, NULL, '_self', '/blogs', 1, 2, 'fas fa-rss', 0, 1,'blogs'),
( 0, 0, 'Categories', NULL, NULL, '_self', 'javascript:void(0)', 1, 3, 'fa fa-list-alt', 0, 1,NULL),
( 0, 0, 'Audio', NULL, NULL, '_self', '/audio', 1, 4, 'fa fa-headphones', 0, 1,'audio'),
( 7, 0, 'Videos', '/categories', 'type=video', '_self', '/video/categories', 1, 1, '', 0, 1,'videos'),
( 7, 0, 'Channels', '/categories', 'type=channel', '_self', '/channel/categories', 1, 2, '', 0, 1,'channels'),
( 0, 0, 'Artists', NULL, NULL, '_self', 'javascript:void(0)', 1, 4, 'far fa-user', 0, 1,NULL),
( 11, 0, 'Videos', '/artists', 'artistType=video', '_self', '/artists/video', 1, 1, '', 0, 1,'videos'),
( 11, 0, 'Channels', '/artists', 'artistType=channel', '_self', '/artists/channel', 1, 2, '', 0, 1,'channels'),
( 0, 0, 'Contact', NULL, NULL, '_self', '/contact', 1, 8, '', 0, 3,NULL),
( 0, 0, 'Terms of Service', NULL, NULL, '_self', '/terms', 1, 9, '', 0, 3,NULL),
( 0, 0, 'Privacy', NULL, NULL, '_self', '/privacy', 1, 10, '', 0, 3,NULL),
( 0, 0, 'Facebook', NULL, NULL, '_self', 'javascript:void(0)', 1, 5, 'fab fa-facebook-f', 0, 4,NULL),
( 0, 0, 'Twitter', NULL, NULL, '_self', 'javascript:void(0)', 1, 4, 'fab fa-twitter', 0, 4,NULL),
( 0, 0, 'Pinterest', NULL, NULL, '_self', 'javascript:void(0)', 1, 1, 'fab fa-pinterest-p', 0, 4,NULL),
( 0, 0, 'Youtube', NULL, NULL, '_self', 'javascript:void(0)', 1, 2, 'fab fa-youtube', 0, 4,NULL),
( 0, 0, 'Vimeo', NULL, NULL, '_self', 'javascript:void(0)', 1, 3, 'fab fa-vimeo-v', 0, 4,NULL),
( 7, 0, 'Blogs', '/categories', 'type=blog', '_self', '/blog/categories', 1, 3, '', 0, 1,'blogs'),
( 0, 0, 'Instagram', NULL, NULL, '_self', 'javascript:void(0)', 1, 6, 'fab fa-instagram', 0, 4,NULL);

DROP TABLE IF EXISTS `file_manager`;
CREATE TABLE `file_manager`(
  `file_id` int(11) unsigned NOT NULL auto_increment,
  `path` varchar(255) NOT  NULL,
  `orgName` VARCHAR(255) NULL,
  PRIMARY KEY (`file_id`)
) ENGINE=InnoDB DEFAULT CHARSET=utf8 COLLATE utf8_unicode_ci;

INSERT INTO `file_manager` (`file_id`, `path`,`orgName`) VALUES
(1, '/resources/1584104330651_ingpr_defaultCover.jpg','defaultCover.jpg'),
(2, '/resources/1584104335798_3zgmrl_defaultFemale.jpg','defaultFemale.jpg'),
(3, '/resources/1584104338796_71wcqm_defaultVideo.png','defaultVideo.png'),
(4, '/resources/1584104341548_l3rnkl_defaultPlaylist.jpg','defaultPlaylist.jpg'),
(5, '/resources/1584104344179_lasxrh_defaultBlog.png','defaultBlog.png'),
(6, '/resources/1584104347443_dwmh1_defaultMale.png','defaultMale.png'),
(8, '/resources/1584179156623_4sn3ah_defaultChannel.jpg','defaultChannel.jpg'),
(11, '/resources/1589822882043_yv14f_logo.png','logo.png'),
(12, '/resources/1589822887203_1in3m6_favicon.png','favicon.png');

DROP TABLE IF EXISTS `site_stats`;
CREATE TABLE `site_stats`(
  `stats_id` int(11) unsigned NOT NULL auto_increment,
  `key` varchar(255) NOT  NULL, 
  `total_count` int(11) NOT NULL DEFAULT '0',
  PRIMARY KEY (`stats_id`),
  KEY `key` (`key`)
) ENGINE=InnoDB DEFAULT CHARSET=utf8 COLLATE utf8_unicode_ci;

DROP TABLE IF EXISTS `languages`;
CREATE TABLE `languages`(
  `language_id` int(11) unsigned NOT NULL auto_increment,
  `code` varchar(255) NOT  NULL, 
  `title` varchar(255) NOT  NULL, 
  `class` varchar(255) NOT  NULL,
  `enabled` TINYINT(1) NOT NULL default '1',
  `default` TINYINT(1) NOT NULL DEFAULT '0',
  `is_rtl` TINYINT(1) NOT NULL DEFAULT '0',
  PRIMARY KEY (`language_id`),
  KEY `code` (`code`),
  KEY `enabled` (`enabled`)
) ENGINE=InnoDB DEFAULT CHARSET=utf8 COLLATE utf8_unicode_ci;

INSERT INTO `languages` (`language_id`, `code`, `title`, `class`, `enabled`, `default`, `is_rtl`) VALUES
(1, 'en', 'English', 'flag-icon-gb', 1, 1, 0);

DROP TABLE IF EXISTS `subscriptions`;
CREATE TABLE `subscriptions`(
  `subscription_id` int(11) unsigned NOT NULL auto_increment,
  `order_id` int(10) unsigned NOT NULL default '0',
  `type` VARCHAR(45) NOT NULL DEFAULT 'member',
  `id` int(11) not NULL default '0',
  `owner_id` int(11) unsigned NOT NULL,
  `package_id` int(11) unsigned NOT NULL,
  `status` varchar(45) NOT NULL default 'initial',
  `expiration_date` varchar(45) NULL,
  `gateway_id` INT(11) NOT NULL default '1',
  `gateway_profile_id` varchar(255) NULL,
  `is_level_change` tinyint(1) NOT NULL default '0',
  `is_notification_send` tinyint(1) NOT NULL default '0',
  `creation_date` datetime NOT NULL,
  `modified_date` datetime NOT NULL,
  PRIMARY KEY (`subscription_id`),
  KEY `owner_id` (`owner_id`),
  KEY `order_id` (`order_id`),
  KEY `type` (`type`),
  KEY `id` (`id`),
  KEY `status` (`status`),
  KEY `expiration_date` (`expiration_date`)
) ENGINE=InnoDB DEFAULT CHARSET=utf8 COLLATE utf8_unicode_ci;

DROP TABLE IF EXISTS `orders`;
CREATE TABLE `orders` (
  `order_id` int(10) UNSIGNED NOT NULL AUTO_INCREMENT,
  `owner_id` int(10) UNSIGNED NOT NULL,
  `gateway_id` int(10) UNSIGNED NOT NULL DEFAULT '1',
  `gateway_transaction_id` varchar(128) CHARACTER SET latin1 COLLATE latin1_general_ci DEFAULT NULL,
  `state` VARCHAR(255) CHARACTER SET latin1 COLLATE latin1_general_ci NOT NULL DEFAULT 'pending',
  `creation_date` datetime NOT NULL,
  `source_type` varchar(128) CHARACTER SET latin1 COLLATE latin1_general_ci DEFAULT "member_subscription",
  `source_id` int(10) UNSIGNED DEFAULT NULL,
  `summary` TEXT NULL,
  PRIMARY KEY (`order_id`),
  KEY `owner_id` (`owner_id`),
  KEY `gateway_id` (`gateway_id`,`gateway_transaction_id`),
  KEY `state` (`state`),
  KEY `sourceType` (`source_type`),
  KEY `sourceType_sourceId` (`source_type`,`source_id`)
) ENGINE=InnoDB DEFAULT CHARSET=utf8 COLLATE=utf8_unicode_ci;


DROP TABLE IF EXISTS `transactions`;
CREATE TABLE IF NOT EXISTS `transactions` (
  `transaction_id` int(10) unsigned NOT NULL auto_increment,
  `gateway_id` int(11) not NULL default '1',
  `owner_id` int(10) unsigned NOT NULL default '0',
  `sender_id` INT(11) NOT NULL default '0',
  `order_id` int(10) unsigned NOT NULL default '0',
  `subscription_id` int(11) unsigned NOT NULL default '0',
  `gateway_transaction_id` varchar(255)  NULL ,
  `state` varchar(64) CHARACTER SET latin1 COLLATE latin1_general_ci NULL,
  `type` varchar(64) CHARACTER SET latin1 COLLATE latin1_general_ci NULL,
  `id` INT(11) NOT NULL DEFAULT '0',
  `package_id` INT(11) NOT NULL DEFAULT '0',
  `price` decimal(16,2) NOT NULL  default '0',
  `currency` char(3) CHARACTER SET latin1 COLLATE latin1_general_ci NOT NULL default '',
  `admin_commission` decimal(16,2) NOT NULL default '0',
  `summary` TEXT NULL,
  `creation_date` datetime NOT NULL,
  `modified_date` datetime NOT NULL,
  PRIMARY KEY  (`transaction_id`),
  KEY `owner_id` (`owner_id`),
  KEY `order_id` (`order_id`),
  KEY `package_id` (`package_id`),
  KEY `gateway_transaction_id` (`gateway_transaction_id`),
  KEY `subscription_id` (`subscription_id`),
  KEY `state` (`state`),
  KEY `sender_id` (`sender_id`),
  KEY `type` (`type`,`id`)
) ENGINE=InnoDB DEFAULT CHARSET=utf8 COLLATE=utf8_unicode_ci;

DROP TABLE IF EXISTS `packages`;
CREATE TABLE `packages`(
  `package_id` int(11) unsigned NOT NULL auto_increment,
  `title` varchar(255) CHARACTER SET utf8mb4 COLLATE utf8mb4_bin  NOT NULL,
  `description` text CHARACTER SET utf8mb4 COLLATE utf8mb4_bin NULL,
  `level_id` int(11) unsigned NOT NULL default '0',
  `downgrade_level_id`  int(11) unsigned NOT NULL default '0',
  `interval` INT(11) NOT NULL DEFAULT '0',
  `type` VARCHAR(45) NULL,
  `duration` int(11) unsigned NOT NULL DEFAULT '0',
  `duration_type` varchar(45) NULL,
  `price` decimal(16,2) NOT NULL default '0.00',
  `setup_fee` decimal(16,2) NOT NULL default '0.00',
  `is_recurring` tinyint(1) not NULL default '0',
  `enabled` tinyint(1) not NULL default '1',
  `default` tinyint(1) not NULL default '0',
  `email_notification` tinyint(1) not NULL default '1',
  `site_notification` tinyint(1) not NULL default '1',
  `alert_number` int(11) not NULL default '0',
  `alert_type` varchar(20) not NULL default 'days',
  PRIMARY KEY (`package_id`),
  KEY `default` (`default`),
  KEY `enabled` (`enabled`)
) ENGINE=InnoDB DEFAULT CHARSET=utf8 COLLATE utf8_unicode_ci;

INSERT INTO `packages` (`package_id`, `title`, `description`, `level_id`, `downgrade_level_id`, `interval`, `type`, `price`, `is_recurring`, `enabled`, `default`) VALUES
(1, 'Default', 'This is a default package', 4, 4, 0, '', '0.00', 0, 1,1);


DROP TABLE IF EXISTS `video_monetizations`;
CREATE TABLE `video_monetizations`(
  `monetization_id` int(11) unsigned NOT NULL auto_increment,
  `owner_id` int(11) unsigned NOT NULL,
  `ad_id` int(11) unsigned NOT NULL,
  `resource_id` int(11) unsigned NOT NULL,
  `amount` varchar(255) NOT NULL default '0',
  `creation_date` datetime NOT NULL,
  PRIMARY KEY (`monetization_id`),
  KEY `owner_id` (`owner_id`),
  KEY `ad_id` (`ad_id`),
  KEY `resource_id` (`resource_id`)
) ENGINE=InnoDB DEFAULT CHARSET=utf8 COLLATE utf8_unicode_ci;


DROP TABLE IF EXISTS `video_monetizations_withdrawals`;
CREATE TABLE `video_monetizations_withdrawals`(
  `withdraw_id` int(11) unsigned NOT NULL auto_increment,
  `owner_id` int(11) unsigned NOT NULL,
  `email` varchar(255) NOT NULL,
  `amount` varchar(255) NOT NULL default '0',
  `status` tinyint(1) NOT NULL DEFAULT '0' COMMENT '1 => approved, 2 => rejected,0 => underprogress',
  `creation_date` datetime NOT NULL,
  PRIMARY KEY (`withdraw_id`),
  KEY `owner_id` (`owner_id`),
  KEY `email` (`email`)
) ENGINE=InnoDB DEFAULT CHARSET=utf8 COLLATE utf8_unicode_ci;

DROP TABLE IF EXISTS `recently_viewed`;
CREATE TABLE `recently_viewed`(
  `view_id` int(11) unsigned NOT NULL auto_increment,
  `owner_id` int(11) unsigned NOT NULL,
  `ip` varchar(255) NOT NULL,
  `type` varchar(20) NOT NULL default 'user',
  `id` int(11) unsigned NOT NULL,
  `creation_date` datetime NOT NULL,
  PRIMARY KEY (`view_id`),
  UNIQUE KEY `unique` (`type`,`id`,`owner_id`),
  KEY `owner_id` (`owner_id`),
  KEY `ip` (`ip`),
  KEY `type` (`type`),
  KEY `id` (`id`)
) ENGINE=InnoDB DEFAULT CHARSET=utf8 COLLATE utf8_unicode_ci;


DROP TABLE IF EXISTS `verification_requests`;
CREATE TABLE `verification_requests`(
  `request_id` int(11) unsigned NOT NULL auto_increment,
  `owner_id` int(11) unsigned NOT NULL,
  `name` varchar(255) NOT NULL,
  `description` text NULL,
  `media` varchar(255) NOT NULL,
  `creation_date` datetime NOT NULL,
  PRIMARY KEY (`request_id`),
  KEY `owner_id` (`owner_id`)
) ENGINE=InnoDB DEFAULT CHARSET=utf8 COLLATE utf8_unicode_ci;


DROP TABLE IF EXISTS `users`;
CREATE TABLE `users` (
  `user_id` int(11) unsigned NOT NULL auto_increment,
  `email` varchar(128) NOT NULL,
  `password` varchar(255) NOT NULL,
  `device_id` varchar(200) NULL,
  `active` tinyint(1) NOT NULL default '1',
  `level_id` int(11) NOT NULL,
  `last_active` int(11) NOT NULL default '0',
  `wallet` varchar(255) NOT NULL default '0',
  `balance` VARCHAR(255) NOT NULL DEFAULT '0',
  `monetization` TINYINT(1) NOT NULL DEFAULT '0',
  `monetization_request` TINYINT(1) NOT NULL DEFAULT '0',
  `paypal_email` varchar(255)  NULL ,
  `two_factor` tinyint(1) NOT NULL default '0',
  `phone_number` varchar(255) NOT NULL default '',
  `approve` tinyint NOT NULL default '1',
  `timezone` varchar(255) NOT NULL DEFAULT 'America/Los_Angeles',
  `points` INT(11) UNSIGNED NOT NULL DEFAULT '0',
  `affiliate_id` INT(11) UNSIGNED NOT NULL DEFAULT '0',
  `upload_content_length` INT(11) NOT NULL DEFAULT '0',
  `disable_site_notifications` tinyint NOT NULL default '0',
  `disable_email_notifications` tinyint NOT NULL default '0',
  `adult` TINYINT(1) NOT NULL DEFAULT '0',
  `streamkey` varchar(255) NULL,
  `whitelist_domain`TEXT NULL,
  `ip_address` VARCHAR(45) NULL,
  `creation_date` datetime NOT NULL,
  `modified_date` datetime NOT NULL,
  PRIMARY KEY (`user_id`),
  UNIQUE KEY `uniqueemail` (`email`),
  KEY `monetization_request` (`monetization_request`),
  KEY `email` (`email`),
  KEY `streamkey` (`streamkey`),
  KEY `active` (`active`),
  KEY `approve` (`approve`),
  KEY `level_id` (`level_id`)
) ENGINE=InnoDB DEFAULT CHARSET=utf8 COLLATE utf8_unicode_ci ;

DROP TABLE IF EXISTS `userdetails`;
CREATE TABLE `userdetails` (
  `user_id` int(11) unsigned NOT NULL auto_increment,
  `username` varchar(128) CHARACTER SET utf8mb4 COLLATE utf8mb4_bin NOT NULL,
  `displayname` varchar(128) CHARACTER SET utf8mb4 COLLATE utf8mb4_bin NOT NULL,
  `first_name` varchar(128) CHARACTER SET utf8mb4 COLLATE utf8mb4_bin  NULL,
  `last_name` varchar(128) CHARACTER SET utf8mb4 COLLATE utf8mb4_bin  NULL,
  `gender` varchar(10) NOT NULL DEFAULT '',
  `language` varchar(22) NOT NULL DEFAULT 'en',
  `country_id` int(11) unsigned NOT NULL default '0',
  `age` int(11) unsigned NOT NULL default '0',
  `verified` tinyint(1) NOT NULL default '0',
  `about` text NULL,
  `avtar` varchar(255)  default '',
  `cover` varchar(255) default '',
  `cover_crop` varchar(255) default '',
  `view_count` int(11) unsigned NOT NULL default '0',
  `comment_count` int(11) unsigned NOT NULL default '0',
  `like_count` int(11) unsigned NOT NULL default '0',
  `dislike_count` int(11) unsigned NOT NULL default '0',  
  `search` tinyint(1) NOT NULL default '1',
  `favourite_count` int(11) unsigned NOT NULL default '0',
  `follow_count` int(11) unsigned NOT NULL default '0',
  `rating` float default '0.0',
  `is_sponsored` tinyint(1) NOT NULL default '0',
  `is_featured` tinyint(1) NOT NULL default '0',
  `is_hot` tinyint(1) NOT NULL default '0',
  `offtheday` tinyint(1) NOT NULL default '0',
  `starttime` date NULL,
  `endtime` date NULL,
  `is_popular` TINYINT(1) NOT NULL DEFAULT '0',
  `ip_address` VARCHAR(45) NULL,
  `facebook`  varchar(100)  NULL,
  `instagram` varchar(100)  NULL,
  `pinterest` varchar(100)  NULL,
  `twitter` varchar(100)  NULL,
  `autoapprove_comments` TINYINT(1) NOT NULL DEFAULT '1',
  PRIMARY KEY (`user_id`),
  UNIQUE KEY `uniqueusername` (`username`),
  KEY `username` (`username`),
  KEY `first_name` (`first_name`),
  KEY `last_name` (`last_name`),
  KEY `gender` (`gender`),
  KEY `country_id` (`country_id`),
  KEY `verified` (`verified`),
  KEY `view_count` (`view_count`),
  KEY `comment_count` (`comment_count`),
  KEY `like_count` (`like_count`),
  KEY `dislike_count` (`dislike_count`),
  KEY `is_popular` (`is_popular`),
  KEY `search` (`search`),
  KEY `favourite_count` (`favourite_count`),
  KEY `follow_count` (`follow_count`),
  KEY `rating` (`rating`),
  KEY `is_sponsored` (`is_sponsored`),
  KEY `is_hot` (`is_hot`),
  KEY `is_featured` (`is_featured`),
  KEY `offtheday` (`offtheday`),
  KEY `starttime` (`starttime`),
  KEY `endtime` (`endtime`)
) ENGINE=InnoDB DEFAULT CHARSET=utf8 COLLATE utf8_unicode_ci ;

DROP TABLE IF EXISTS `video_queue`;
CREATE TABLE `video_queue`(
  `queue_id` int(11) unsigned NOT NULL auto_increment,
  `video_id` int(11) unsigned NOT NULL,
  `video_res` varchar(255) NOT NULL,
  `processing` tinyint(1) NOT NULL DEFAULT "0",
  PRIMARY KEY (`queue_id`),
  KEY `processing` (`processing`)
) ENGINE=InnoDB DEFAULT CHARSET=utf8 COLLATE utf8_unicode_ci;

DROP TABLE IF EXISTS `videos`;
CREATE TABLE `videos` ( 
  `video_id` int(11) unsigned NOT NULL auto_increment,
  `title` varchar(128)  CHARACTER SET utf8mb4 COLLATE utf8mb4_bin NOT NULL DEFAULT '',
  `custom_url` varchar(128) NOT NULL,
  `description` mediumtext CHARACTER SET utf8mb4 COLLATE utf8mb4_bin NOT NULL,
  `owner_id` int(11) unsigned NOT NULL,
  `category_id` int(11) unsigned NOT NULL default '0',
  `subcategory_id` int(11) unsigned NOT NULL default '0',
  `subsubcategory_id` int(11) unsigned NOT NULL default '0',
  `image` varchar(255) NOT NULL default '',
  `view_count` int(11) unsigned NOT NULL default '0',
  `comment_count` int(11) unsigned NOT NULL default '0',
  `like_count` int(11) unsigned NOT NULL default '0',
  `dislike_count` int(11) unsigned NOT NULL default '0',  
  `search` tinyint(1) NOT NULL default '1',
  `favourite_count` int(11) unsigned NOT NULL default '0',
  `type` varchar(32) NOT NULL default '1',
  `resolution` varchar(55) NULL,
  `autoapprove_comments` TINYINT(1) NOT NULL DEFAULT '1',
  `video_location` VARCHAR(255) NULL,
  `size` varchar(255) NULL,
  `sample` tinyint(1) NOT NULL DEFAULT '0',
  `240p` tinyint(1) NOT NULL DEFAULT '0',
  `360p` tinyint(1) NOT NULL DEFAULT '0',
  `480p` tinyint(1) NOT NULL DEFAULT '0',
  `720p` tinyint(1) NOT NULL DEFAULT '0',
  `1080p` tinyint(1) NOT NULL DEFAULT '0',
  `2048p` tinyint(1) NOT NULL DEFAULT '0',
  `4096p` tinyint(1) NOT NULL DEFAULT '0',
  `tags` text CHARACTER SET utf8mb4 COLLATE utf8mb4_bin NULL,
  `code` text NULL,
  `rating` float default '0.0',
  `is_locked` tinyint(1) NOT NULL default '0',
  `password` VARCHAR(255) NULL,
  `status` tinyint(1) NOT NULL default '1',
  `duration` varchar(50) NULL,
  `is_sponsored` tinyint(1) NOT NULL default '0',
  `is_featured` tinyint(1) NOT NULL default '0',
  `is_hot` tinyint(1) NOT NULL default '0',
   `offtheday` tinyint(1) NOT NULL default '0',
  `starttime` date NULL,
  `endtime` date NULL,
  `artists` longtext NULL,
  `price` VARCHAR(255) NOT NULL DEFAULT '0',
  `purchase_count` int(11) not NULL default '0',
  `total_purchase_amount` VARCHAR(255) NOT NULL DEFAULT '0',
  `approve` tinyint NOT NULL default '1',
  `adult` tinyint NOT NULL default '0',
  `completed` TINYINT(1) NOT NULL DEFAULT '0',
  `view_privacy` VARCHAR(24) NOT NULL,
  `is_livestreaming` TINYINT(1) NOT NULL DEFAULT '0',
  `agora_resource_id` TEXT NULL,
  `agora_sid` TEXT NULL,
  `channel_name` VARCHAR(255) NULL,
  `total_viewer` int(11) unsigned NOT NULL DEFAULT '0',
  `enable_chat` TINYINT(1) NOT NULL DEFAULT '0',
  `mediaserver_stream_id` varchar(255) NULL,
  `creation_date` datetime NOT NULL,
  `modified_date` datetime NOT NULL,
  PRIMARY KEY (`video_id`),
  KEY `owner_id` (`owner_id`),
  KEY `custom_url` (`custom_url`),
  KEY `purchase_count` (`purchase_count`),
  KEY `category_id` (`category_id`),
  KEY `subcategory_id` (`subcategory_id`),
  KEY `subsubcategory_id` (`subsubcategory_id`),
  KEY `view_count` (`view_count`),
  KEY `comment_count` (`comment_count`),
  KEY `adult` (`adult`),
  KEY `like_count` (`like_count`),
  KEY `rating` (`rating`),
  KEY `is_locked` (`is_locked`),
  KEY `is_sponsored` (`is_sponsored`),
  KEY `is_featured` (`is_featured`),
  KEY `is_hot` (`is_hot`),
  KEY `offtheday` (`offtheday`),
  KEY `approve` (`approve`),
  KEY `search` (`search`),
  KEY `view_privacy` (`view_privacy`),
  KEY `is_livestreaming` (`is_livestreaming`),
  KEY `mediaserver_stream_id` (`mediaserver_stream_id`)
) ENGINE=InnoDB DEFAULT CHARSET=utf8 COLLATE utf8_unicode_ci ;



DROP TABLE IF EXISTS `categories`;
CREATE TABLE `categories` (
    `category_id` int(11) unsigned NOT NULL auto_increment,
    `subcategory_id` int(11) unsigned NOT NULL DEFAULT '0',
    `subsubcategory_id` int(11) unsigned NOT NULL DEFAULT '0',
    `title` varchar(255)  CHARACTER SET utf8mb4 COLLATE utf8mb4_bin NOT NULL,
    `description` text CHARACTER SET utf8mb4 COLLATE utf8mb4_bin NULL,
    `slug` varchar(255) NULL,
    `item_count` int(11) unsigned NOT NULL default "0",
    `follow_count` int(11) unsigned NOT NULL default "0",
    `order` int(11) unsigned NOT NULL default '0',
    `image` varchar(255) NULL,
    `show_video` tinyint(1) NOT NULL default '0',
    `show_channel` tinyint(1) NOT NULL default '0',
    `show_blog` tinyint(1) NOT NULL default '0',
    `show_home` TINYINT(1) NOT NULL DEFAULT '0',
    PRIMARY KEY (`category_id`),
    KEY `subcategory_id` (`subcategory_id`),
    KEY `subsubcategory_id` (`subsubcategory_id`),
    KEY `slug` (`slug`),
    KEY `item_count` (`item_count`),
    KEY `follow_count` (`follow_count`),
    KEY `show_video` (`show_video`),
    KEY `show_channel` (`show_channel`),
    KEY `show_blog` (`show_blog`),
    KEY `show_home` (`show_home`),
    KEY `order` (`order`)
) ENGINE=InnoDB DEFAULT CHARSET=utf8 COLLATE utf8_unicode_ci ;


INSERT INTO `categories` (`category_id`, `subcategory_id`, `subsubcategory_id`, `title`, `description`, `slug`, `item_count`, `follow_count`, `order`, `image`, `show_video`, `show_channel`, `show_blog`) VALUES
(3, 0, 0, 'Beauty', NULL, 'beauty', 0, 0, 1, '/upload/images/categories/videos/1577892829923_vssq7_beauty_main.jpeg', 1, 0, 0),
(4, 0, 0, 'Challenge', NULL, 'challenge', 0, 0, 2, '/upload/images/categories/videos/1577893773780_qn1lpo_challenge_main.jpeg', 1, 0, 0),
(5, 0, 0, 'Cooking', NULL, 'cooking', 0, 0, 3, '/upload/images/categories/videos/1577893765136_adjsv_cooking_main.jpeg', 1, 0, 0),
(6, 0, 0, 'Entertainment', NULL, 'entertainment', 0, 0, 4, '/upload/images/categories/videos/1577893784949_tejedk_entertainment_main.jpeg', 1, 0, 0),
(7, 0, 0, 'Film & Animation', NULL, 'film-animation', 0, 0, 5, '/upload/images/categories/videos/1577893757807_0gmgio_filmandanimation_main.jpeg', 1, 0, 0),
(8, 0, 0, 'Food', NULL, 'food', 0, 0, 6, '/upload/images/categories/videos/1577893749535_yr9xt8_food_main.jpeg', 1, 0, 0),
(9, 0, 0, 'Games', NULL, 'games', 0, 0, 7, '/upload/images/categories/videos/1577893740733_g671n_games_main.jpeg', 1, 0, 0),
(10, 0, 0, 'Health & Fitness', NULL, 'health-fitness', 0, 0, 8, '/upload/images/categories/videos/1577893732886_kh34pn_heathandfitness_main.jpeg', 1, 0, 0),
(11, 0, 0, 'Howto & Style', NULL, 'howto-style', 0, 0, 9, '/upload/images/categories/videos/1577893724548_3cgrr_howtonstyle_main.jpeg', 1, 0, 0),
(12, 0, 0, 'Parenting', NULL, 'parenting', 0, 0, 10, '/upload/images/categories/videos/1577893716264_mq3x44_parenting_main.jpeg', 1, 0, 0),
(13, 0, 0, 'Music', NULL, 'music', 0, 0, 11, '/upload/images/categories/videos/1577893708492_d4r9lz_music_main.jpeg', 1, 0, 0),
(14, 0, 0, 'News & Politics', NULL, 'news-politics', 0, 0, 12, '/upload/images/categories/videos/1577893700879_rod9lq_newsnpolitics_main.jpeg', 1, 0, 0),
(15, 0, 0, 'People & Blog', NULL, 'people-blog', 0, 0, 13, '/upload/images/categories/videos/1577893691679_vjbmo8_peoplenblog_main.jpeg', 1, 0, 0),
(16, 0, 0, 'Sports', NULL, 'sports', 0, 0, 14, '/upload/images/categories/videos/1577893681090_627oj_sports_main.jpeg', 1, 0, 0),
(17, 0, 0, 'Vehicle & Automobile', NULL, 'vehicle-automobile', 0, 0, 15, '/upload/images/categories/videos/1577893657903_eim2fj_vehiclenanimations_main.jpeg', 1, 0, 0),
(18, 0, 0, 'Photography', NULL, 'photography', 0, 0, 16, '/upload/images/categories/videos/1577893667300_rwyatt_photography_main.jpeg', 1, 0, 0),
(19, 18, 0, 'Animals', NULL, 'animals', 0, 0, 1, '/upload/images/categories/videos/1577894339099_5470u_animals_main.jpeg', 1, 0, 0),
(20, 18, 0, 'Wedding', NULL, 'wedding', 0, 0, 2, '/upload/images/categories/videos/1577894213261_l7vlli_wedding_main.jpeg', 1, 0, 0),
(21, 0, 20, 'Hindu Wedding', NULL, 'hindu-wedding', 0, 0, 1, '/upload/images/categories/videos/1577894233792_xgg4r_hinduwedding_main.jpeg', 1, 0, 0),
(22, 0, 20, 'Christian Wedding', NULL, 'christian-wedding', 0, 0, 2, '/upload/images/categories/videos/1577894225041_03k4e5y_christianwedding_main.jpeg', 1, 0, 0),
(23, 0, 0, 'Beauty', NULL, 'beauty', 0, 0, 1, '/upload/images/categories/channels/1577892829923_vssq7_beauty_main.jpeg', 0, 1, 0),
(24, 0, 0, 'Challenge', NULL, 'challenge', 0, 0, 2, '/upload/images/categories/channels/1577893773780_qn1lpo_challenge_main.jpeg', 0, 1, 0),
(25, 0, 0, 'Cooking', NULL, 'cooking', 0, 0, 3, '/upload/images/categories/channels/1577893765136_adjsv_cooking_main.jpeg', 0, 1, 0),
(26, 0, 0, 'Entertainment', NULL, 'entertainment', 0, 0, 4, '/upload/images/categories/channels/1577893784949_tejedk_entertainment_main.jpeg', 0, 1, 0),
(27, 0, 0, 'Film & Animation', NULL, 'film-animation', 0, 0, 5, '/upload/images/categories/channels/1577893757807_0gmgio_filmandanimation_main.jpeg', 0, 1, 0),
(28, 0, 0, 'Food', NULL, 'food', 0, 0, 6, '/upload/images/categories/channels/1577893749535_yr9xt8_food_main.jpeg', 0, 1, 0),
(29, 0, 0, 'Games', NULL, 'games', 0, 0, 7, '/upload/images/categories/channels/1577893740733_g671n_games_main.jpeg', 0, 1, 0),
(30, 0, 0, 'Health & Fitness', NULL, 'health-fitness', 0, 0, 8, '/upload/images/categories/channels/1577893732886_kh34pn_heathandfitness_main.jpeg', 0, 1, 0),
(31, 0, 0, 'Howto & Style', NULL, 'howto-style', 0, 0, 9, '/upload/images/categories/channels/1577893724548_3cgrr_howtonstyle_main.jpeg', 0, 1, 0),
(32, 0, 0, 'Parenting', NULL, 'parenting', 0, 0, 10, '/upload/images/categories/channels/1577893716264_mq3x44_parenting_main.jpeg', 0, 1, 0),
(33, 0, 0, 'Music', NULL, 'music', 0, 0, 11, '/upload/images/categories/channels/1577893708492_d4r9lz_music_main.jpeg', 0, 1, 0),
(34, 0, 0, 'News & Politics', NULL, 'news-politics', 0, 0, 12, '/upload/images/categories/channels/1577893700879_rod9lq_newsnpolitics_main.jpeg', 0, 1, 0),
(35, 0, 0, 'People & Blog', NULL, 'people-blog', 0, 0, 13, '/upload/images/categories/channels/1577893691679_vjbmo8_peoplenblog_main.jpeg', 0, 1, 0),
(36, 0, 0, 'Sports', NULL, 'sports', 0, 0, 14, '/upload/images/categories/channels/1577893681090_627oj_sports_main.jpeg', 0, 1, 0),
(37, 0, 0, 'Vehicle & Automobile', NULL, 'vehicle-automobile', 0, 0, 15, '/upload/images/categories/channels/1577893657903_eim2fj_vehiclenanimations_main.jpeg', 0, 1, 0),
(38, 0, 0, 'Photography', NULL, 'photography', 0, 0, 16, '/upload/images/categories/channels/1577893667300_rwyatt_photography_main.jpeg', 0, 1, 0),
(39, 38, 0, 'Animals', NULL, 'animals', 0, 0, 1, '/upload/images/categories/channels/1577894339099_5470u_animals_main.jpeg', 0, 1, 0),
(40, 38, 0, 'Wedding', NULL, 'wedding', 0, 0, 2, '/upload/images/categories/channels/1577894213261_l7vlli_wedding_main.jpeg', 0, 1, 0),
(41, 0, 40, 'Hindu Wedding', NULL, 'hindu-wedding', 0, 0, 1, '/upload/images/categories/channels/1577894233792_xgg4r_hinduwedding_main.jpeg', 0, 1, 0),
(42, 0, 40, 'Christian Wedding', NULL, 'christian-wedding', 0, 0, 2, '/upload/images/categories/channels/1577894225041_03k4e5y_christianwedding_main.jpeg', 0, 1, 0),
(55, 0, 0, 'Adventure', NULL, 'adventure', 0, 0, 17, '/upload/images/categories/blogs/1577896950822_2quaqb_advanture_main.jpeg', 0, 0, 1),
(56, 0, 0, 'Art', NULL, 'art', 0, 0, 18, '/upload/images/categories/blogs/1577896942658_28etvc_art_main.jpeg', 0, 0, 1),
(57, 0, 0, 'Business', NULL, 'business', 0, 0, 19, '/upload/images/categories/blogs/1577896934370_1wg02_business_main.jpeg', 0, 0, 1),
(58, 0, 0, 'Home Decor', NULL, 'home-decor', 0, 0, 20, '/upload/images/categories/blogs/1577896924363_m9ssrs_homedecor_main.jpeg', 0, 0, 1),
(59, 0, 0, 'Personal Finance', NULL, 'personal-finance', 0, 0, 21, '/upload/images/categories/blogs/1577897045693_n9ksqj_personalfinance_main.jpeg', 0, 0, 1),
(60, 0, 0, 'Relationships', NULL, 'relationships', 0, 0, 22, '/upload/images/categories/blogs/1577896893642_p16gd_relationship_main.jpeg', 0, 0, 1),
(61, 0, 0, 'Marketing', NULL, 'marketing', 0, 0, 23, '/upload/images/categories/blogs/1577897062377_4dlxn_marketing_main.jpeg', 0, 0, 1),
(62, 0, 0, 'DIY', NULL, 'diy', 0, 0, 24, '/upload/images/categories/blogs/1577896886612_48rpmbc_diy_main.jpeg', 0, 0, 1),
(63, 0, 0, 'Education', NULL, 'education', 0, 0, 25, '/upload/images/categories/blogs/1577896877733_lfkr6r_education_main.jpeg', 0, 0, 1),
(64, 0, 0, 'Political', NULL, 'political', 0, 0, 26, '/upload/images/categories/blogs/1577896858557_tphxdh_politics_main.jpeg', 0, 0, 1),
(65, 0, 0, 'Fashion', NULL, 'fashion', 0, 0, 27, '/upload/images/categories/blogs/1577896815139_bqeotn_fashion_main.jpeg', 0, 0, 1),
(66, 0, 0, 'Tech', NULL, 'tech', 0, 0, 28, '/upload/images/categories/blogs/1577896806082_91g9a_technical_main.jpeg', 0, 0, 1),
(67, 0, 0, 'Travel', NULL, 'travel', 0, 0, 29, '/upload/images/categories/blogs/1577896795625_bpmyv_travel_main.jpeg', 0, 0, 1),
(68, 0, 0, 'Lifestyle', NULL, 'lifestyle', 0, 0, 30, '/upload/images/categories/blogs/1577896787923_bpowtb_lifestyle_main.jpeg', 0, 0, 1),
(69, 0, 0, 'Fitness', NULL, 'fitness', 0, 0, 31, '/upload/images/categories/blogs/1577896779690_5i5v7r_fitness_main.jpeg', 0, 0, 1),
(70, 0, 0, 'Parenting', NULL, 'parenting', 0, 0, 32, '/upload/images/categories/blogs/1577896770089_q0o6z_parenting_main.jpeg', 0, 0, 1),
(71, 65, 0, 'Kids Wear', NULL, 'kids-wear', 0, 0, 1, '/upload/images/categories/blogs/1577896850620_sz5clc_kidswear_main.jpeg', 0, 0, 1),
(72, 65, 0, 'Mens Fashion', NULL, 'mens-fashion', 0, 0, 2, '/upload/images/categories/blogs/1577896823687_xerlgg_mensfashion_main.jpeg', 0, 0, 1),
(74, 0, 72, 'Casual', NULL, 'casual', 0, 0, 1, '/upload/images/categories/blogs/1577896842467_l45etp_casuals_main.jpeg', 0, 0, 1),
(75, 0, 72, 'Formals', NULL, 'formals', 0, 0, 2, '/upload/images/categories/blogs/1577896832363_g6dar_formals_main.jpeg', 0, 0, 1);


UPDATE `categories` SET `show_home` = 1 where `show_video` = 1 AND `subcategory_id` = 0 AND `subsubcategory_id` = 0;

DROP TABLE IF EXISTS `channels`;
CREATE TABLE `channels` (
  `channel_id` int(11) unsigned NOT NULL auto_increment,
  `title` varchar(128) CHARACTER SET utf8mb4 COLLATE utf8mb4_bin NOT NULL,
  `description` mediumtext CHARACTER SET utf8mb4 COLLATE utf8mb4_bin NOT NULL,
  `owner_id` int(11) unsigned NOT NULL,
  `custom_url` varchar(255) NOT NULL,
  `category_id` int(11) unsigned NOT NULL default '0',
  `subcategory_id` int(11) unsigned NOT NULL default '0',
  `subsubcategory_id` int(11) unsigned NOT NULL default '0',
  `image` varchar(255) NOT NULL default '',
  `cover` varchar(255) NOT NULL default '',
  `cover_crop` varchar(255) default '',
   `tags` text CHARACTER SET utf8mb4 COLLATE utf8mb4_bin NULL,
  `follow_count` int(11) unsigned NOT NULL default '0',
  `view_count` int(11) unsigned NOT NULL default '0',
  `comment_count` int(11) unsigned NOT NULL default '0',
  `like_count` int(11) unsigned NOT NULL default '0',
  `dislike_count` int(11) unsigned NOT NULL default '0',  
  `total_playlists` INT(11) NOT NULL DEFAULT '0',
  `search` tinyint(1) NOT NULL default '1',
  `favourite_count` int(11) unsigned NOT NULL default '0',
  `autoapprove_comments` TINYINT(1) NOT NULL DEFAULT '1',
  `rating` float default '0.0',
  `is_locked` tinyint(1) NOT NULL default '0',
  `password` VARCHAR(255) CHARACTER SET utf8mb4 COLLATE utf8mb4_bin NULL,
  `status` tinyint(1) NOT NULL default '1',
  `total_videos` int(11) NOT NULL DEFAULT '0',
  `is_sponsored` tinyint(1) NOT NULL default '0',
  `is_featured` tinyint(1) NOT NULL default '0',
  `is_hot` tinyint(1) NOT NULL default '0',
  `offtheday` tinyint(1) NOT NULL default '0',
  `starttime` varchar(45) NULL,
  `endtime` varchar(45) NULL,
  `artists` longtext NULL,
  `verified` tinyint(1) NOT NULL default '0',
  `approve` tinyint NOT NULL default '1',
  `adult` tinyint NOT NULL default '1',
  `view_privacy` VARCHAR(24) NOT NULL,
  `channel_subscription_amount` VARCHAR(255) NULL,
  `creation_date` datetime NOT NULL,
  `modified_date` datetime NOT NULL,
  PRIMARY KEY (`channel_id`),
  KEY `owner_id` (`owner_id`),
  KEY `adult` (`adult`),
  KEY `custom_url` (`custom_url`),
  KEY `dislike_count` (`dislike_count`),
  KEY `verified` (`verified`),
  KEY `follow_count` (`follow_count`),
  KEY `favourite_count` (`favourite_count`),
  KEY `starttime` (`starttime`),
  KEY `endtime` (`endtime`),
  KEY `total_videos` (`total_videos`),
  KEY `category_id` (`category_id`),
  KEY `subcategory_id` (`subcategory_id`),
  KEY `subsubcategory_id` (`subsubcategory_id`),
  KEY `view_count` (`view_count`),
  KEY  `total_playlists` (`total_playlists`),
  KEY `comment_count` (`comment_count`),
  KEY `like_count` (`like_count`),
  KEY `rating` (`rating`),
  KEY `is_locked` (`is_locked`),
  KEY `is_sponsored` (`is_sponsored`),
  KEY `is_featured` (`is_featured`),
  KEY `is_hot` (`is_hot`),
  KEY `offtheday` (`offtheday`),
  KEY `approve` (`approve`),
  KEY `search` (`search`),
  KEY `view_privacy` (`view_privacy`)
) ENGINE=InnoDB DEFAULT CHARSET=utf8 COLLATE utf8_unicode_ci ;

DROP TABLE IF EXISTS `channelvideos`;
CREATE TABLE `channelvideos` (
  `channelvideo_id` int(11) unsigned NOT NULL auto_increment,
  `channel_id` int(11) unsigned NOT NULL default '0',
  `video_id` int(11) unsigned NOT NULL default '0',
  `owner_id` int(11) unsigned NOT NULL default '0',  
  `creation_date` datetime NOT NULL,
  PRIMARY KEY (`channelvideo_id`),
  UNIQUE KEY `unique` (`channel_id`,`video_id`),
  KEY `channel_id` (`channel_id`),
  KEY `video_id` (`video_id`),
  KEY `owner_id` (`owner_id`)
) ENGINE=InnoDB DEFAULT CHARSET=utf8 COLLATE utf8_unicode_ci ;

DROP TABLE IF EXISTS `channelplaylists`;
CREATE TABLE `channelplaylists` (
  `channelplaylist_id` int(11) unsigned NOT NULL auto_increment,
  `channel_id` int(11) unsigned NOT NULL default '0',
  `playlist_id` int(11) unsigned NOT NULL default '0',
  `owner_id` int(11) unsigned NOT NULL default '0',  
  `creation_date` datetime NOT NULL,
  PRIMARY KEY (`channelplaylist_id`),
  UNIQUE KEY `unique` (`channel_id`,`playlist_id`),
  KEY `channel_id` (`channel_id`),
  KEY `playlist_id` (`playlist_id`),
  KEY `owner_id` (`owner_id`)
) ENGINE=InnoDB DEFAULT CHARSET=utf8 COLLATE utf8_unicode_ci ;

DROP TABLE IF EXISTS `playlists`;
CREATE TABLE `playlists` (
  `playlist_id` int(11) unsigned NOT NULL auto_increment,
  `custom_url` varchar(128) NOT NULL,
  `title` varchar(128) CHARACTER SET utf8mb4 COLLATE utf8mb4_bin NOT NULL,
  `description` mediumtext CHARACTER SET utf8mb4 COLLATE utf8mb4_bin NOT NULL,
  `owner_id` int(11) unsigned NOT NULL,
  `image` varchar(255) NOT NULL default '',
  `follow_count` int(11) NOT NULL default '0',
  `autoapprove_comments` TINYINT(1) NOT NULL DEFAULT '1',
  `view_count` int(11) unsigned NOT NULL default '0',
  `comment_count` int(11) unsigned NOT NULL default '0',
  `like_count` int(11) unsigned NOT NULL default '0',
  `dislike_count` int(11) unsigned NOT NULL default '0',  
  `private` tinyint(1) NOT NULL default '0',
  `favourite_count` int(11) unsigned NOT NULL default '0',
  `total_videos` INT(11) NOT NULL DEFAULT '0',
  `is_sponsored` tinyint(1) NOT NULL default '0',
  `is_featured` tinyint(1) NOT NULL default '0',
  `is_hot` tinyint(1) NOT NULL default '0',
  `rating` float default '0.0',
  `offtheday` tinyint(1) NOT NULL default '0',
  `starttime` varchar(45) NULL,
  `endtime` varchar(45) NULL,
  `search` tinyint(1) NOT NULL DEFAULT '1',
  `approve` tinyint NOT NULL default '1',
  `adult` tinyint NOT NULL default '1',
  `creation_date` datetime NOT NULL,
  `modified_date` datetime NOT NULL,
  PRIMARY KEY (`playlist_id`),
  KEY `custom_url` (`custom_url`),
  KEY `owner_id` (`owner_id`),
  KEY `adult` (`adult`),
  KEY `dislike_count` (`dislike_count`),
  KEY `follow_count` (`follow_count`),
  KEY `favourite_count` (`favourite_count`),
  KEY `starttime` (`starttime`),
  KEY `endtime` (`endtime`),
  KEY `total_videos` (`total_videos`),
  KEY `view_count` (`view_count`),
  KEY `comment_count` (`comment_count`),
  KEY `like_count` (`like_count`),
  KEY `is_sponsored` (`is_sponsored`),
  KEY `is_featured` (`is_featured`),
  KEY `is_hot` (`is_hot`),
  KEY `search` (`search`),
  KEY `offtheday` (`offtheday`),
  KEY `approve` (`approve`)
) ENGINE=InnoDB DEFAULT CHARSET=utf8 COLLATE utf8_unicode_ci;

DROP TABLE IF EXISTS `playlistvideos`;
CREATE TABLE `playlistvideos` (
  `playlistvideo_id` int(11) unsigned NOT NULL auto_increment,
  `playlist_id` int(11) unsigned NOT NULL default '0',
  `video_id` int(11) unsigned NOT NULL default '0',
  `owner_id` int(11) unsigned NOT NULL default '0',  
  `creation_date` datetime NOT NULL,
  PRIMARY KEY (`playlistvideo_id`),
  UNIQUE KEY `unique` (`playlist_id`,`video_id`),
  KEY `playlist_id` (`playlist_id`),
  KEY `video_id` (`video_id`),
  KEY `owner_id` (`owner_id`)
) ENGINE=InnoDB DEFAULT CHARSET=utf8 COLLATE utf8_unicode_ci ;

DROP TABLE IF EXISTS `blogs`;
CREATE TABLE `blogs` (
  `blog_id` int(11) unsigned NOT NULL auto_increment,
  `title` varchar(128) CHARACTER SET utf8mb4 COLLATE utf8mb4_bin NOT NULL,
  `description` text CHARACTER SET utf8mb4 COLLATE utf8mb4_bin NOT NULL,
  `custom_url` varchar (255) NOT NULL,
  `owner_id` int(11) unsigned NOT NULL,
  `category_id` int(11) unsigned NOT NULL default '0',
  `subcategory_id` int(11) unsigned NOT NULL default '0',
  `subsubcategory_id` int(11) unsigned NOT NULL default '0',
  `image` varchar(255) NOT NULL default '',
  `autoapprove_comments` TINYINT(1) NOT NULL DEFAULT '1',
  `view_count` int(11) unsigned NOT NULL default '0',
  `comment_count` int(11) unsigned NOT NULL default '0',
  `like_count` int(11) unsigned NOT NULL default '0',
  `dislike_count` int(11) unsigned NOT NULL default '0',  
  `favourite_count` int(11) unsigned NOT NULL default '0',
  `tags` text CHARACTER SET utf8mb4 COLLATE utf8mb4_bin NULL,
  `rating` float default '0.0',
  `is_sponsored` tinyint(1) NOT NULL default '0',
  `is_featured` tinyint(1) NOT NULL default '0',
  `is_hot` tinyint(1) NOT NULL default '0',
  `offtheday` tinyint(1) NOT NULL default '0',
  `starttime` varchar(45) NULL,
  `endtime` varchar(45) NULL,
  `approve` tinyint NOT NULL default '1',
  `adult` tinyint NOT NULL default '1',
  `draft` tinyint(1) NOT NULL default '0',
  `search` tinyint(1) NOT NULL default '1',
  `publish_time` datetime NOT NULL,
  `view_privacy` varchar(45) NOT NULL default '',
  `creation_date` datetime NOT NULL,
  `modified_date` datetime NOT NULL,
  PRIMARY KEY (`blog_id`),
  KEY `owner_id` (`owner_id`),
  KEY `custom_url` (`custom_url`),
  KEY `adult` (`adult`),
  KEY `draft` (`draft`),
  KEY `publish_time` (`publish_time`),
  KEY `dislike_count` (`dislike_count`),
  KEY `favourite_count` (`favourite_count`),
  KEY `starttime` (`starttime`),
  KEY `search` (`search`),
  KEY `endtime` (`endtime`),
  KEY `category_id` (`category_id`),
  KEY `subcategory_id` (`subcategory_id`),
  KEY `subsubcategory_id` (`subsubcategory_id`),
  KEY `view_count` (`view_count`),
  KEY `comment_count` (`comment_count`),
  KEY `like_count` (`like_count`),
  KEY `is_sponsored` (`is_sponsored`),
  KEY `is_featured` (`is_featured`),
  KEY `is_hot` (`is_hot`),
  KEY `offtheday` (`offtheday`),
  KEY `approve` (`approve`),
  KEY `view_privacy` (`view_privacy`),
  KEY `rating` (`rating`)
) ENGINE=InnoDB DEFAULT CHARSET=utf8 COLLATE utf8_unicode_ci;

DROP TABLE IF EXISTS `followers`;
CREATE TABLE `followers` (
  `follower_id` int(11) unsigned NOT NULL auto_increment,
  `type` varchar(45) NOT NULL default 'channel',
  `id` int(11) unsigned NOT NULL,
  `owner_id` int(11) unsigned NOT NULL default '0',  
  `creation_date` datetime NOT NULL,
  PRIMARY KEY (`follower_id`),
  UNIQUE KEY `unique` (`type`,`id`,`owner_id`),
  KEY `type` (`type`),
  KEY `id` (`id`),
  KEY `owner_id` (`owner_id`)
) ENGINE=InnoDB DEFAULT CHARSET=utf8 COLLATE utf8_unicode_ci;

DROP TABLE IF EXISTS `favourites`;
CREATE TABLE `favourites` (
  `favourite_id` int(11) unsigned NOT NULL auto_increment,
  `type` varchar(45) NOT NULL default 'channel',
  `id` int(11) unsigned NOT NULL,
  `owner_id` int(11) unsigned NOT NULL,  
  `creation_date` datetime NOT NULL,
  PRIMARY KEY (`favourite_id`),
  UNIQUE KEY `unique` (`type`,`id`,`owner_id`),
  KEY `type` (`type`),
  KEY `id` (`id`),
  KEY `owner_id` (`owner_id`)
) ENGINE=InnoDB DEFAULT CHARSET=utf8 COLLATE utf8_unicode_ci;

DROP TABLE IF EXISTS `watchlaters`;
CREATE TABLE `watchlaters` (
  `watchlater_id` int(11) unsigned NOT NULL auto_increment,
  `id` int(11) unsigned NOT NULL,
  `owner_id` int(11) unsigned NOT NULL,  
  `creation_date` datetime NOT NULL,
  PRIMARY KEY (`watchlater_id`),
  UNIQUE KEY `unique` (`id`,`owner_id`),
  KEY `id` (`id`),
  KEY `owner_id` (`owner_id`)
) ENGINE=InnoDB DEFAULT CHARSET=utf8 COLLATE utf8_unicode_ci;


DROP TABLE IF EXISTS `ratings`;
CREATE TABLE `ratings` (
  `rating_id` int(11) unsigned NOT NULL auto_increment,
  `type` varchar(45) NOT NULL default 'user',
  `id` int(11) unsigned NOT NULL,
  `owner_id` int(11) unsigned NOT NULL,
  `rating` tinyint(1) NOT NULL default '5',
  `creation_date` datetime NOT NULL,
  PRIMARY KEY (`rating_id`),
  UNIQUE KEY `unique` (`type`,`id`,`owner_id`),
  KEY `type` (`type`),
  KEY `id` (`id`),
  KEY `owner_id` (`owner_id`)
) ENGINE=InnoDB DEFAULT CHARSET=utf8 COLLATE utf8_unicode_ci;

DROP TABLE IF EXISTS `likes`;
CREATE TABLE `likes`(
  `like_id` int(11) unsigned NOT NULL auto_increment,
  `type` varchar(45) NOT NULL default 'user',
  `id` int(11) unsigned NOT NULL,
  `like_dislike` varchar(45) NOT NULL default 'like',
  `owner_id` int(11) unsigned NOT NULL,  
  `creation_date` datetime NOT NULL,
  PRIMARY KEY (`like_id`),
  UNIQUE KEY `unique` (`type`,`id`,`owner_id`),
  KEY `type` (`type`),
  KEY `id` (`id`),
  KEY `owner_id` (`owner_id`)
) ENGINE=InnoDB DEFAULT CHARSET=utf8 COLLATE utf8_unicode_ci;

DROP TABLE IF EXISTS `comments`;
CREATE TABLE `comments`(
  `comment_id` int(11) unsigned NOT NULL auto_increment,
  `type` varchar(45) NOT NULL default 'user',
  `id` varchar(255) NOT NULL,
  `custom_url` VARCHAR(255) NOT NULL,
  `message` text CHARACTER SET utf8mb4 COLLATE utf8mb4_bin NULL,
  `pinned` tinyint(1) NOT NULL default '0',
  `parent_id` int(11) NOT NULL default '0',
  `like_count` int(11) unsigned NOT NULL default '0',
  `dislike_count` int(11) unsigned NOT NULL default '0',
  `reply_count` INT(11) NOT NULL DEFAULT '0',
  `owner_id` int(11) unsigned NOT NULL default '0',
  `approved` TINYINT(1) NOT NULL DEFAULT '1',
  `replies_approved` INT(11) NOT NULL DEFAULT '0',
  `image` VARCHAR(255) NULL,
  `creation_date` datetime NOT NULL,
  PRIMARY KEY (`comment_id`),
  KEY `approved` (`approved`),
  KEY `parent_id` (`parent_id`),
  KEY `type` (`type`),
  KEY `id` (`id`),
  KEY `owner_id` (`owner_id`)
) ENGINE=InnoDB DEFAULT CHARSET=utf8 COLLATE utf8_unicode_ci;

DROP TABLE IF EXISTS `levels`;
CREATE TABLE `levels`(
  `level_id` int(11) unsigned NOT NULL auto_increment,
  `title` varchar(255) CHARACTER SET utf8mb4 COLLATE utf8mb4_bin NOT NULL,
  `description` text CHARACTER SET utf8mb4 COLLATE utf8mb4_bin NULL,
  `type` enum('public', 'user', 'moderator', 'admin') default 'user',
  `flag` enum('default', 'superadmin', 'public') NULL,  
  PRIMARY KEY (`level_id`)
) ENGINE=InnoDB DEFAULT CHARSET=utf8 COLLATE utf8_unicode_ci;

INSERT INTO `levels` (`level_id`, `title`, `description`, `type`, `flag`) VALUES
(1, 'Admin', 'Users of this level can modify all of your settings and data.', 'admin', 'superadmin'),
(3, 'Moderators', 'Users of this level may edit user-side content.', 'moderator', NULL),
(4, 'Default', 'This is the default user level.  New users are assigned to it automatically.', 'user', 'default'),
(5, 'Public', 'Settings for this level apply to users who have not logged in.', 'public', 'public');

DROP TABLE IF EXISTS `level_permissions`;
CREATE TABLE `level_permissions`(
  `level_id` int(11) NOT NULL,
  `type` varchar(255) NOT NULL,
  `name` varchar(255) NOT NULL,
  `value` text NULL, 
  PRIMARY KEY (`level_id`,`type`,`name`)
) ENGINE=InnoDB DEFAULT CHARSET=utf8 COLLATE utf8_unicode_ci;

INSERT INTO `level_permissions` (`level_id`, `type`, `name`, `value`) VALUES
(1, 'blog', 'auto_approve', '1'),
(1, 'blog', 'create', '1'),
(1, 'blog', 'delete', '2'),
(1, 'blog', 'edit', '2'),
(1, 'blog', 'level_id', '1'),
(1, 'blog', 'quota', '0'),
(1, 'blog', 'view', '2'),
(1, 'channel', 'auto_approve', '1'),
(1, 'channel', 'create', '1'),
(1, 'channel', 'delete', '2'),
(1, 'channel', 'edit', '2'),
(1, 'channel', 'featured', '0'),
(1, 'channel', 'hot', '0'),
(1, 'channel', 'level_id', '1'),
(1, 'channel', 'quota', '0'),
(1, 'channel', 'sponsored', '0'),
(1, 'channel', 'verified', '0'),
(1, 'channel', 'view', '2'),
(1, 'livestreaming', 'create', '1'),
(1, 'livestreaming', 'duration', '10'),
(1, 'livestreaming', 'level_id', '1'),
(1, 'livestreaming', 'quota', '0'),
(1, 'member', 'addsapprove', '1'),
(1, 'member', 'ads', '1'),
(1, 'member', 'adsquota', '0'),
(1, 'member', 'coverphoto_upload', '1'),
(1, 'member', 'default_coverphoto', '/resources/1584104330651_ingpr_defaultCover.jpg'),
(1, 'member', 'default_femalemainphoto', '/resources/1584104335798_3zgmrl_defaultFemale.jpg'),
(1, 'member', 'default_mainphoto', '/resources/1584104347443_dwmh1_defaultMale.png'),
(1, 'member', 'delete', '2'),
(1, 'member', 'deleteads', '2'),
(1, 'member', 'edit', '2'),
(1, 'member', 'editads', '2'),
(1, 'member', 'is_featured', '1'),
(1, 'member', 'is_hot', '1'),
(1, 'member', 'is_sponsored', '1'),
(1, 'member', 'level_id', '1'),
(1, 'member', 'monetization', '1'),
(1, 'member', 'monetization_threshold_amount', '50'),
(1, 'member', 'username', '1'),
(1, 'playlist', 'auto_approve', '1'),
(1, 'playlist', 'create', '1'),
(1, 'playlist', 'delete', '2'),
(1, 'playlist', 'edit', '2'),
(1, 'playlist', 'level_id', '1'),
(1, 'playlist', 'quota', '0'),
(1, 'playlist', 'view', '2'),
(1, 'video', 'auto_approve', '1'),
(1, 'video', 'create', '1'),
(1, 'video', 'delete', '2'),
(1, 'video', 'donation', '1'),
(1, 'video', 'edit', '2'),
(1, 'video', 'featured', '0'),
(1, 'video', 'hot', '0'),
(1, 'video', 'level_id', '1'),
(1, 'video', 'quota', '0'),
(1, 'video', 'sell_videos', '1'),
(1, 'video', 'sponsored', '0'),
(1, 'video', 'storage', '0'),
(1, 'video', 'view', '2'),
(1, 'video', 'watermark', ''),
(1, 'video', 'watermark_label', ''),
(3, 'blog', 'auto_approve', '1'),
(3, 'blog', 'create', '1'),
(3, 'blog', 'delete', '2'),
(3, 'blog', 'edit', '2'),
(3, 'blog', 'level_id', '3'),
(3, 'blog', 'quota', '0'),
(3, 'blog', 'view', '2'),
(3, 'channel', 'auto_approve', '1'),
(3, 'channel', 'create', '1'),
(3, 'channel', 'delete', '2'),
(3, 'channel', 'edit', '2'),
(3, 'channel', 'featured', '0'),
(3, 'channel', 'hot', '0'),
(3, 'channel', 'level_id', '3'),
(3, 'channel', 'quota', '0'),
(3, 'channel', 'sponsored', '0'),
(3, 'channel', 'verified', '0'),
(3, 'channel', 'view', '2'),
(3, 'livestreaming', 'create', '1'),
(3, 'livestreaming', 'duration', '10'),
(3, 'livestreaming', 'level_id', '3'),
(3, 'livestreaming', 'quota', '0'),
(3, 'member', 'addsapprove', '1'),
(3, 'member', 'ads', '1'),
(3, 'member', 'adsquota', '0'),
(3, 'member', 'coverphoto_upload', '1'),
(3, 'member', 'default_coverphoto', '/resources/1584104330651_ingpr_defaultCover.jpg'),
(3, 'member', 'default_femalemainphoto', '/resources/1584104335798_3zgmrl_defaultFemale.jpg'),
(3, 'member', 'default_mainphoto', '/resources/1584104347443_dwmh1_defaultMale.png'),
(3, 'member', 'delete', '2'),
(3, 'member', 'deleteads', '2'),
(3, 'member', 'edit', '2'),
(3, 'member', 'editads', '2'),
(3, 'member', 'is_featured', '0'),
(3, 'member', 'is_hot', '0'),
(3, 'member', 'is_sponsored', '0'),
(3, 'member', 'level_id', '3'),
(3, 'member', 'monetization', '1'),
(3, 'member', 'monetization_threshold_amount', '50'),
(3, 'member', 'username', '1'),
(3, 'playlist', 'auto_approve', '1'),
(3, 'playlist', 'create', '1'),
(3, 'playlist', 'delete', '2'),
(3, 'playlist', 'edit', '2'),
(3, 'playlist', 'level_id', '3'),
(3, 'playlist', 'quota', '0'),
(3, 'playlist', 'view', '2'),
(3, 'video', 'auto_approve', '1'),
(3, 'video', 'create', '1'),
(3, 'video', 'delete', '2'),
(3, 'video', 'donation', '1'),
(3, 'video', 'edit', '2'),
(3, 'video', 'featured', '0'),
(3, 'video', 'hot', '0'),
(3, 'video', 'level_id', '3'),
(3, 'video', 'quota', '0'),
(3, 'video', 'sell_videos', '1'),
(3, 'video', 'sponsored', '0'),
(3, 'video', 'storage', '0'),
(3, 'video', 'view', '2'),
(3, 'video', 'watermark', ''),
(3, 'video', 'watermark_label', ''),
(4, 'blog', 'auto_approve', '1'),
(4, 'blog', 'create', '1'),
(4, 'blog', 'delete', '1'),
(4, 'blog', 'edit', '1'),
(4, 'blog', 'level_id', '4'),
(4, 'blog', 'quota', '0'),
(4, 'blog', 'view', '1'),
(4, 'channel', 'auto_approve', '1'),
(4, 'channel', 'create', '1'),
(4, 'channel', 'delete', '1'),
(4, 'channel', 'edit', '1'),
(4, 'channel', 'featured', '0'),
(4, 'channel', 'hot', '0'),
(4, 'channel', 'level_id', '4'),
(4, 'channel', 'quota', '0'),
(4, 'channel', 'sponsored', '0'),
(4, 'channel', 'verified', '0'),
(4, 'channel', 'view', '1'),
(4, 'livestreaming', 'create', '1'),
(4, 'livestreaming', 'duration', '10'),
(4, 'livestreaming', 'level_id', '4'),
(4, 'livestreaming', 'quota', '0'),
(4, 'member', 'addsapprove', '1'),
(4, 'member', 'ads', '1'),
(4, 'member', 'adsquota', '5'),
(4, 'member', 'coverphoto_upload', '1'),
(4, 'member', 'default_coverphoto', '/resources/1584104330651_ingpr_defaultCover.jpg'),
(4, 'member', 'default_femalemainphoto', '/resources/1584104335798_3zgmrl_defaultFemale.jpg'),
(4, 'member', 'default_mainphoto', '/resources/1584104347443_dwmh1_defaultMale.png'),
(4, 'member', 'delete', '1'),
(4, 'member', 'deleteads', '1'),
(4, 'member', 'edit', '1'),
(4, 'member', 'editads', '1'),
(4, 'member', 'is_featured', '0'),
(4, 'member', 'is_hot', '0'),
(4, 'member', 'is_sponsored', '0'),
(4, 'member', 'level_id', '4'),
(4, 'member', 'monetization', '1'),
(4, 'member', 'monetization_threshold_amount', '50'),
(4, 'member', 'username', '0'),
(4, 'playlist', 'auto_approve', '1'),
(4, 'playlist', 'create', '1'),
(4, 'playlist', 'delete', '1'),
(4, 'playlist', 'edit', '1'),
(4, 'playlist', 'level_id', '4'),
(4, 'playlist', 'quota', '0'),
(4, 'playlist', 'view', '1'),
(4, 'video', 'auto_approve', '1'),
(4, 'video', 'create', '1'),
(4, 'video', 'delete', '1'),
(4, 'video', 'donation', '1'),
(4, 'video', 'edit', '1'),
(4, 'video', 'featured', '0'),
(4, 'video', 'hot', '0'),
(4, 'video', 'level_id', '4'),
(4, 'video', 'quota', '0'),
(4, 'video', 'sell_videos', '1'),
(4, 'video', 'sponsored', '0'),
(4, 'video', 'storage', '0'),
(4, 'video', 'view', '1'),
(4, 'video', 'watermark', ''),
(4, 'video', 'watermark_label', ''),
(5, 'blog', 'level_id', '5'),
(5, 'blog', 'view', '1'),
(5, 'channel', 'level_id', '5'),
(5, 'channel', 'view', '1'),
(5, 'playlist', 'level_id', '5'),
(5, 'playlist', 'view', '1'),
(5, 'video', 'level_id', '5'),
(5, 'video', 'view', '1');

DROP TABLE IF EXISTS `settings`;
CREATE TABLE `settings`(
  `name` varchar(255) NOT NULL,
  `value` text NULL, 
  PRIMARY KEY (`name`)
) ENGINE=InnoDB DEFAULT CHARSET=utf8 COLLATE utf8_unicode_ci;

INSERT INTO `settings` (`name`, `value`) VALUES
('points_value','0'),
('signup_referrals','0'),
('referrals_points_value','0'),
('payment_bank_method_description1','Account Name:
Account Number:
Bank Name:
Branch Address of Bank:
IFSC Code:'),
('payment_bank_method_note','Upload your bank transfer receipt so we will verify and confirm your order.'),
('video_tip','1'),
('enable_audio','1'),
('audio_favourite','1'),
('audio_like','1'),
('audio_dislike','1'),
('audio_comment','1'),
('audio_comment_like','1'),
('audio_comment_dislike','1'),
('video_embed_code','1'),
('member_default_timezone','America/Los_Angeles'),
('fixed_header',1),
('enable_comment_approve', '0'), 
('autoapproveverified_user_comment', '1'),
('signup_form_lastname', '1') , 
('signup_form_username', '1') ,
('signup_form_gender', '1') ,
('signup_form_image', '1'),
('video_upload_videos_type','360,720'),
('admin_signup_email', '0'),
('ads_cost_perclick', '0.2'),
('ads_cost_perview', '0.1'),
('ads_cost_publisher', '0.1'),
('artists_browse_dislike', '1'),
('artists_browse_favourite', '1'),
('artists_browse_like', '1'),
('artists_browse_rating', '1'),
('artists_browse_share', '1'),
('artists_browse_views', '1'),
('autoapprove_monetization', '1'),
('blog_adult', '1'),
('blog_category_default_photo', ''),
('blog_comment', '1'),
('blog_comment_dislike', '1'),
('blog_comment_like', '1'),
('blog_default_photo', '/resources/1584104344179_lasxrh_defaultBlog.png'),
('blog_dislike', '1'),
('blog_favourite', '1'),
('blog_featured', '1'),
('blog_hot', '1'),
('blog_like', '1'),
('blog_rating', '1'),
('blog_sponsored', '1'),
('blogs_browse_datetime', '1'),
('blogs_browse_description', '1'),
('blogs_browse_dislike', '1'),
('blogs_browse_favourite', '1'),
('blogs_browse_featuredlabel', '1'),
('blogs_browse_hotLabel', '1'),
('blogs_browse_like', '1'),
('blogs_browse_rating', '1'),
('blogs_browse_share', '1'),
('blogs_browse_sponsoredLabel', '1'),
('blogs_browse_tags', '1'),
('blogs_browse_username', '1'),
('blogs_browse_views', '1'),
('censored_words', ''),
('channel_adult', '1'),
('channel_artist_comment', '1'),
('channel_artist_comment_dislike', '1'),
('channel_artist_comment_like', '1'),
('channel_artist_dislike', '1'),
('channel_artist_favourite', '1'),
('channel_artist_like', '1'),
('channel_artist_rating', '1'),
('channel_artists', '1'),
('channel_category_default_photo', ''),
('channel_comment', '1'),
('channel_comment_dislike', '1'),
('channel_comment_like', '1'),
('channel_default_cover_photo', '/resources/1584104330651_ingpr_defaultCover.jpg'),
('channel_default_photo', '/resources/1584179156623_4sn3ah_defaultChannel.jpg'),
('channel_dislike', '1'),
('channel_favourite', '1'),
('channel_featured', '1'),
('channel_hot', '1'),
('channel_like', '1'),
('channel_rating', '1'),
('channel_sponsored', '1'),
('channel_verified', '1'),
('channels_browse_dislike', '1'),
('channels_browse_favourite', '1'),
('channels_browse_featuredlabel', '1'),
('channels_browse_hotLabel', '1'),
('channels_browse_like', '1'),
('channels_browse_rating', '1'),
('channels_browse_share', '1'),
('channels_browse_sponsoredLabel', '1'),
('channels_browse_subscribe', '1'),
('channels_browse_subscribecount', '1'),
('channels_browse_videoscount', '1'),
('channels_browse_views', '1'),
('contact_address', ''),
('contact_email', ''),
('contact_email_from', 'admin@site.com'),
('contact_facebook_url', ''),
('contact_fax', ''),
('contact_from_address', 'admin@site.com'),
('contact_from_name', 'Site Admin'),
('contact_linkedin_url', ''),
('contact_map', ''),
('contact_phone', ''),
('contact_pinterest_url', ''),
('contact_twitter_url', ''),
('contact_whatsapp_url', ''),
('darktheme_logo', '/resources/1589822882043_yv14f_logo.png'),
('default_notification_image', ''),
('email_logo', '/resources/1588527251997_4nvba9_logo.png'),
('email_smtp_host', '127.0.0.1'),
('email_smtp_port', '25'),
('email_smtp_type', '1'),
('email_smtp_username', ''),
('email_type', 'gmail'),
('enable_ads', '1'),
('enable_blog', '1'),
('enable_channel', '1'),
('enable_facebook_import', '0'),
('enable_iframely', '0'),
('enable_monetization', '1'),
('enable_newsletter', '2'),
('enable_playlist', '1'),
('enable_twitch_import', '0'),
('enable_youtube_import', '1'),
('facebook_client_id', ''),
('facebook_client_secret', ''),
('favicon', '/resources/1589822887203_1in3m6_favicon.png'),
('gmail_xauth_clientid', ''),
('gmail_xauth_clientsecret', ''),
('gmail_xauth_email', ''),
('gmail_xauth_refreshtoken', ''),
('google_analytics_code', ''),
('iframely_api_key', ''),
('iframely_disallow_sources', ''),
('lightheme_logo', '/resources/1589822882043_yv14f_logo.png'),
('mailchimp_apikey', ''),
('mailchimp_listId', ''),
('maintanance', '0'),
('maintanance_code', 'yd0zh'),
('member_comment', '1'),
('member_comment_dislike', '1'),
('member_comment_like', '1'),
('member_delete_account', '1'),
('member_dislike', '1'),
('member_email_verification', '0'),
('member_favourite', '1'),
('member_featured', '1'),
('member_hot', '1'),
('member_like', '1'),
('member_rating', '1'),
('member_registeration', '1'),
('member_sponsored', '1'),
('member_verification', '1'),
('newsletter_background_image', ''),
('payment_client_id', ''),
('payment_client_secret', ''),
('payment_default_currency', 'USD'),
('payment_paypal_sanbox', '0'),
('playlist_adult', '1'),
('playlist_comment', '1'),
('playlist_comment_dislike', '1'),
('playlist_comment_like', '1'),
('playlist_default_photo', '/resources/1584104341548_l3rnkl_defaultPlaylist.jpg'),
('playlist_dislike', '1'),
('playlist_favourite', '1'),
('playlist_featured', '1'),
('playlist_hot', '1'),
('playlist_like', '1'),
('playlist_rating', '1'),
('playlist_sponsored', '1'),
('playlists_browse_datetime', '1'),
('playlists_browse_dislike', '1'),
('playlists_browse_favourite', '1'),
('playlists_browse_featuredlabel', '1'),
('playlists_browse_hotLabel', '1'),
('playlists_browse_like', '1'),
('playlists_browse_rating', '1'),
('playlists_browse_share', '1'),
('playlists_browse_sponsoredLabel', '1'),
('playlists_browse_username', '1'),
('playlists_browse_videoscount', '1'),
('playlists_browse_views', '1'),
('s3_access_key', ''),
('s3_bucket', ''),
('s3_region', 'us-east-1'),
('s3_secret_access_key', ''),
('site_title', 'PlayTubeVideo'),
('social_login_fb', '0'),
('social_login_google', '0'),
('social_login_twitter', '0'),
('theme_design_mode', '3'),
('tinymceKey', ''),
('twitch_api_key', ''),
('upload_system', '0'),
('user_follow', '1'),
('users_dislike', '1'),
('users_favourite', '1'),
('users_featuredlabel', '1'),
('users_follow', '1'),
('users_hotLabel', '1'),
('users_like', '1'),
('users_rating', '1'),
('users_share', '1'),
('users_sponsoredLabel', '1'),
('users_views', '1'),
('video_adult', '1'),
('video_artist_comment', '1'),
('video_artist_comment_dislike', '1'),
('video_artist_comment_like', '1'),
('video_artist_dislike', '1'),
('video_artist_favourite', '1'),
('video_artist_like', '1'),
('video_artist_rating', '1'),
('video_artists', '1'),
('video_autoplay', '1'),
('video_category_default_photo', ''),
('video_comment', '1'),
('video_comment_dislike', '1'),
('video_comment_like', '1'),
('video_commission_type', '1'),
('video_commission_value', '0'),
('video_createpage', ''),
('video_default_photo', '/resources/1584104338796_71wcqm_defaultVideo.png'),
('video_dislike', '1'),
('video_donation', '1'),
('video_favourite', '1'),
('video_featured', '1'),
('video_ffmpeg_path', ''),
('video_hot', '1'),
('video_like', '1'),
('video_miniplayer', '1'),
('video_preview', '1'),
('video_rating', '1'),
('video_sell', '1'),
('video_sponsored', '1'),
('video_upload', '0'),
('video_upload_limit', '10'),
('video_watchlater', '1'),
('videos_datetime', '1'),
('videos_dislike', '1'),
('videos_favourite', '1'),
('videos_featuredlabel', '1'),
('videos_hotLabel', '1'),
('videos_like', '1'),
('videos_playlist', '1'),
('videos_rating', '1'),
('videos_share', '1'),
('videos_sponsoredLabel', '1'),
('videos_username', '1'),
('videos_views', '1'),
('videos_watchlater', '1'),
('welcome_email', '0'),
('youtube_api_key', 'AIzaSyDPMpz1x5vQyrumKFwp2a4OdK32c9KCQkE');


DROP TABLE IF EXISTS `emails`;
CREATE TABLE `emails`(
  `email_id` int(11) unsigned NOT NULL auto_increment,
  `type` varchar(100) NOT NULL,
  `tokens` varchar(255) NULL,
  `language` varchar(40) NOT NULL default 'en',
  `body` text NOT NULL,
  PRIMARY KEY (`email_id`),
  UNIQUE KEY `unique` (`type`,`language`)
) ENGINE=InnoDB DEFAULT CHARSET=utf8 COLLATE utf8_unicode_ci;


DROP TABLE IF EXISTS `reportmessages`;
CREATE TABLE `reportmessages`(
  `reportmessage_id` int(11) unsigned NOT NULL auto_increment,
  `description` varchar(255) CHARACTER SET utf8mb4 COLLATE utf8mb4_bin NOT NULL,
  `delete` TINYINT (1) NOT NULL DEFAULT "1",
  PRIMARY KEY (`reportmessage_id`)
) ENGINE=InnoDB DEFAULT CHARSET=utf8 COLLATE utf8_unicode_ci;

INSERT INTO `reportmessages` (`reportmessage_id`, `description`, `delete`) VALUES
(1, 'Sexual content', 1),
(2, 'Violent or repulsive content', 1),
(3, 'Hateful or abusive content', 1),
(4, 'Harmful dangerous acts', 1),
(5, 'Child abuse', 1),
(6, 'Promotes terrorism', 1),
(7, 'Spam or misleading', 1),
(8, 'Infringes my rights', 1),
(9, 'Other', 0);

DROP TABLE IF EXISTS `reports`;
CREATE TABLE `reports`(
  `report_id` int(11) unsigned NOT NULL auto_increment,
  `reportmessage_id` int(11) unsigned NOT NULL,
  `owner_id` int(11),
  `type` varchar(60) NOT NULL,
  `id` varchar(255) NOT NULL,
  `description` text CHARACTER SET utf8mb4 COLLATE utf8mb4_bin NOT NULL,
  `creation_date` datetime NOT NULL,
  PRIMARY KEY (`report_id`),
  KEY `type_id` (`type`,`id`),
  KEY `creation_date` (`creation_date`)
) ENGINE=InnoDB DEFAULT CHARSET=utf8 COLLATE utf8_unicode_ci;


DROP TABLE IF EXISTS `advertisements_admin`;
CREATE TABLE `advertisements_admin`(
  `ad_id` int(11) unsigned NOT NULL auto_increment,
  `owner_id` int(11) UNSIGNED NOT NULL,
  `title` varchar(255) CHARACTER SET utf8mb4 COLLATE utf8mb4_bin NOT NULL,
  `click_link` varchar(255) NULL,
  `category_id` int(11) unsigned NOT NULL default '0',
  `subcategory_id` int(11) unsigned NOT NULL default '0',
  `subsubcategory_id` int(11) unsigned NOT NULL default '0',
  `tags` text NULL,
  `adult` TINYINT(1) NULL,
  `link` TEXT NULL,
  `skip` int(5) NOT NULL DEFAULT '5',
  `type` tinyint(1) NOT NULL DEFAULT '1',
  `view_count` int(11) unsigned NOT NULL default '0',
  `click_count` int(11) unsigned NOT NULL default '0',
  `active`  tinyint(1)  NOT NULL default '0',
  `creation_date` datetime NOT NULL,
  PRIMARY KEY (`ad_id`),
  KEY `type` (`type`),
  KEY `active` (`active`),
  KEY `creation_date` (`creation_date`)
) ENGINE=InnoDB DEFAULT CHARSET=utf8 COLLATE utf8_unicode_ci;

DROP TABLE IF EXISTS `advertisements_user`;
CREATE TABLE `advertisements_user`(
  `ad_id` int(11) unsigned NOT NULL auto_increment,
  `owner_id` int(11) unsigned NOT NULL,
  `name` varchar(255) CHARACTER SET utf8mb4 COLLATE utf8mb4_bin NOT NULL,
  `title` varchar(255) CHARACTER SET utf8mb4 COLLATE utf8mb4_bin  NULL,
  `description` text CHARACTER SET utf8mb4 COLLATE utf8mb4_bin NULL,
  `category_id` int(11) unsigned NOT NULL default '0',
  `subcategory_id` int(11) unsigned NOT NULL default '0',
  `subsubcategory_id` int(11) unsigned NOT NULL default '0',
  `age` int(11) NOT NULL DEFAULT '0',
  `spent` varchar(60)  NULL,
  `status` tinyint(1) NOT NULL default '1',
  `audience` text NULL,
  `media` varchar(255)  NULL,
  `url` varchar(255) NULL,
  `placement` tinyint(1) NOT NULL default '1' COMMENT '1 => video player, 2 => side bar',
  `type` tinyint(1) NOT NULL default '1' COMMENT '1 => per click, 2 => per view/immpression',
  `completed` TINYINT(1) NOT NULL DEFAULT '2',
  `approve` TINYINT(1) NOT NULL DEFAULT '1',
  `adult` TINYINT(1) NULL,
  `results` INT(11) NOT NULL DEFAULT '0',
  `view_count` int(11) unsigned NOT NULL default '0',
  `click_count` int(11) unsigned NOT NULL default '0',
  `creation_date` datetime NOT NULL,
  `modified_date` datetime NOT NULL,
  PRIMARY KEY (`ad_id`),
  KEY `age` (`age`),
  KEY `adult` (`adult`),
  KEY `approve` (`approve`),
  KEY `owner_id` (`owner_id`),
  KEY `status` (`status`),
  KEY `placement` (`placement`),
  KEY `type` (`type`)
) ENGINE=InnoDB DEFAULT CHARSET=utf8 COLLATE utf8_unicode_ci;

DROP TABLE IF EXISTS `advertisements_transations`;
CREATE TABLE `advertisements_transations`(
  `transaction_id` int(11) unsigned NOT NULL auto_increment,
  `owner_id` int(11) unsigned NOT NULL,
  `ad_id` int(11) unsigned NOT NULL,
  `amount` varchar(255) NOT NULL DEFAULT "0",
  `type` varchar(15) NOT NULL DEFAULT "click",
  `creation_date` datetime NOT NULL,
  PRIMARY KEY (`transaction_id`),
  KEY `amount` (`amount`),
  KEY `ad_id` (`ad_id`),
  KEY `type` (`type`),
  KEY `owner_id` (`owner_id`)
) ENGINE=InnoDB DEFAULT CHARSET=utf8 COLLATE utf8_unicode_ci;



DROP TABLE IF EXISTS `themes`;
CREATE TABLE `themes`(
  `theme_id` int(11) unsigned NOT NULL auto_increment,
  `key` varchar(255) NOT  NULL, 
  `value` varchar(255) NOT NULL DEFAULT '0',
  `type` varchar(20) NOT  NULL, 
  PRIMARY KEY (`theme_id`),
  KEY `key` (`key`),
  UNIQUE KEY `unique` (`type`,`key`)
) ENGINE=InnoDB DEFAULT CHARSET=utf8 COLLATE utf8_unicode_ci;

INSERT INTO `themes` (`key`, `value`, `type`) VALUES
( 'Bgcolor_default', '#F5F5F5', 'white'),
( 'Bgcolor_primary', '#FF1744', 'white'),
( 'Bgcolor_secondry', '#F1F1F1', 'white'),
( 'Bgcolor_tertiary', '#F1F1F1', 'white'),
( 'Border_color', '#CCCCCC', 'white'),
( 'Textcolor_default', '#000000', 'white'),
( 'Textcolor_primary', '#FF1744', 'white'),
( 'Textcolor_secondry', '#000000', 'white'),
( 'Textcolor_tertiary', '#D4D3D3', 'white'),
( 'font_style', 'web', 'white'),
( 'fontFamily_default', '\'Roboto\', sans-serif', 'white'),
( 'fontFamily_heading', '\'Roboto\', sans-serif', 'white'),
( 'fontSize_default', '16px', 'white'),
( 'menu_FontSize', '16px', 'white'),
( 'MenuDropDown_Bg', '#FFFFFF', 'white'),
( 'username_varify_color', '#2296F3', 'white'),
( 'lableHot_bg', '#FF1744', 'white'),
( 'lableFeatured_bg', '#2296F3', 'white'),
( 'lableSponsored_bg', '#369B39', 'white'),
( 'thmbVideo_height', '400px', 'white'),
( 'thmbVideo_Name_Color', '#FFFFFF', 'white'),
( 'thmbVideo_Name_fontSize', '16px', 'white'),
( 'thmbVideo_bg', '#333333', 'white'),
( 'chanlThmb_nameColor', '#000000', 'white'),
( 'chanlThmb_nameFontSize', '16px', 'white'),
( 'chanlThmb_bg', '#E3E3E3', 'white'),
( 'artist_nameColor', '#000000', 'white'),
( 'artist_nameFontSize', '16px', 'white'),
( 'artist_imgHeight', '250px', 'white'),
( 'artist_bg', '#E3E3E3', 'white'),
( 'member_nameColor', '#000000', 'white'),
( 'member_nameFontSize', '16px', 'white'),
( 'member_imgHeigh', '200px', 'white'),
( 'member_bg', '#E3E3E3', 'white'),
( 'playList_color', '#000000', 'white'),
( 'playList_titleFontsize', '16px', 'white'),
( 'playList_height', '35px', 'white'),
( 'category_color', '#FFFFFF', 'white'),
( 'category_titleFontsize', '16px', 'white'),
( 'category_height', '200px', 'white'),
( 'blogBox_bg', '#E3E3E3', 'white'),
( 'blogBox_titleFontSize', '16px', 'white'),
( 'blogBox_imgHeight', '250px', 'white'),
( 'blogBox_Color', '#FFFFFF', 'white'),
( 'blogBox_lightColor', '#333333', 'white'),
( 'tabsBtn_bg', '#FFFFFF', 'white'),
( 'tabsBtn_bgActive', '#FF1744', 'white'),
( 'tabsBtn_color', '#000000', 'white'),
( 'tabsBtn_Activecolor', '#FFFFFF', 'white'),
( 'tabsBtn_fontSize', '14px', 'white'),
( 'formField_lableFontColor', '#000000', 'white'),
( 'formField_inputBg', '#F5F5F5', 'white'),
( 'formField_inputColor', '#000000', 'white'),
( 'formField_inputBdrColor', '#A8A8A8', 'white'),
( 'formField_lableFont', '15px', 'white'),
( 'formField_inputFont', '16px', 'white'),
( 'formPage_bg', '#FFFFFF', 'white'),
( 'Bgcolor_default', '#181818', 'dark'),
( 'Bgcolor_primary', '#FF1744', 'dark'),
( 'Bgcolor_secondry', '#282828', 'dark'),
( 'Bgcolor_tertiary', '#808080', 'dark'),
( 'Border_color', '#3C3C3C', 'dark'),
( 'Textcolor_default', '#FFFFFF', 'dark'),
( 'Textcolor_primary', '#FF1744', 'dark'),
( 'Textcolor_secondry', '#CFCFCF', 'dark'),
( 'Textcolor_tertiary', '#E6E4E4', 'dark'),
( 'font_style', 'web', 'dark'),
( 'fontFamily_default', '\'Roboto\', sans-serif', 'dark'),
( 'fontFamily_heading', '\'Roboto\', sans-serif', 'dark'),
( 'fontSize_default', '16px', 'dark'),
( 'menu_FontSize', '16px', 'dark'),
( 'MenuDropDown_Bg', '#5C5C5C', 'dark'),
( 'username_varify_color', '#2296F3', 'dark'),
( 'lableHot_bg', '#FF1744', 'dark'),
( 'lableFeatured_bg', '#2296F3', 'dark'),
( 'lableSponsored_bg', '#369B39', 'dark'),
( 'thmbVideo_height', '400px', 'dark'),
( 'thmbVideo_Name_Color', '#FFFFFF', 'dark'),
( 'thmbVideo_Name_fontSize', '16px', 'dark'),
( 'thmbVideo_bg', '#333333', 'dark'),
( 'chanlThmb_nameColor', '#FFFFFF', 'dark'),
( 'chanlThmb_nameFontSize', '16px', 'dark'),
( 'chanlThmb_bg', '#333333', 'dark'),
( 'artist_nameColor', '#FFFFFF', 'dark'),
( 'artist_nameFontSize', '16px', 'dark'),
( 'artist_imgHeight', '200px', 'dark'),
( 'artist_bg', '#333333', 'dark'),
( 'member_nameColor', '#FFFFFF', 'dark'),
( 'member_nameFontSize', '16px', 'dark'),
( 'member_imgHeigh', '200px', 'dark'),
( 'member_bg', '#333333', 'dark'),
( 'playList_color', '#FFFFFF', 'dark'),
( 'playList_titleFontsize', '18px', 'dark'),
( 'playList_height', '35px', 'dark'),
( 'category_color', '#FFFFFF', 'dark'),
( 'category_titleFontsize', '18px', 'dark'),
( 'category_height', '200px', 'dark'),
( 'blogBox_bg', '#333333', 'dark'),
( 'blogBox_titleFontSize', '18px', 'dark'),
( 'blogBox_imgHeight', '250px', 'dark'),
( 'blogBox_Color', '#FFFFFF', 'dark'),
( 'blogBox_lightColor', '#CCCCCC', 'dark'),
( 'tabsBtn_bg', '#444444', 'dark'),
( 'tabsBtn_bgActive', '#FF1744', 'dark'),
( 'tabsBtn_color', '#FFFFFF', 'dark'),
( 'tabsBtn_Activecolor', '#FFFFFF', 'dark'),
( 'tabsBtn_fontSize', '14px', 'dark'),
( 'formField_lableFontColor', '#FFFFFF', 'dark'),
( 'formField_inputBg', '#F9F9F9', 'dark'),
( 'formField_inputColor', '#000000', 'dark'),
( 'formField_inputBdrColor', '#3C3C3C', 'dark'),
( 'formField_lableFont', '16px', 'dark'),
( 'formField_inputFont', '16px', 'dark'),
( 'formPage_bg', '#333333', 'dark'),
( 'videogrid_info_height', '180px', 'white'),
( 'videogrid_text_color', '#000000', 'white'),
( 'videoGrid_titlefontSize', '16px', 'white'),
( 'artist_bordercolor', '#ECECEC', 'white'),
( 'member_bordercolor', '#ECECEC', 'white'),
( 'videogrid_info_height', '180px', 'dark'),
( 'videogrid_text_color', '#000000', 'dark'),
( 'videoGrid_titlefontSize', '16px', 'dark'),
( 'artist_bordercolor', '#333333', 'dark'),
( 'member_bordercolor', '#333333', 'dark'),

( 'header_sidebar_bg', '#212121', 'dark'),
( 'header_sidebar_color', '#ffffff', 'dark'),
( 'header_sidebar_hovercolor', '#383838', 'dark'),
( 'header_sidebar_title_color', '#fdfdfd', 'dark'),
( 'header_sidebar_icon_color', '#8f908f', 'dark'),
( 'header_sidebar_fontsize', '16px', 'dark'),
( 'header_sidebar_search_bg', '#282828', 'dark'),
( 'header_sidebar_search_border', '#181818', 'dark'),
( 'header_sidebar_search_textcolor', '#fff', 'dark'),
( 'header_popup_inputborder', '#1b262c', 'dark'),
( 'header_popup_inputbg', '#1b262c', 'dark'),
( 'header_popup_inputtextcolor', '#fff', 'dark'),
( 'header_popup_headbg', '#12191d', 'dark'),
( 'header_popup_bodybg', '#111', 'dark'),

( 'header_sidebar_bg', '#fff', 'white'),
( 'header_sidebar_color', '#000000', 'white'),
( 'header_sidebar_hovercolor', '#e5e5e5', 'white'),
( 'header_sidebar_title_color', '#000', 'white'),
( 'header_sidebar_icon_color', '#8f908f', 'white'),
( 'header_sidebar_fontsize', '16px', 'white'),
( 'header_sidebar_search_bg', '#e4e6ea', 'white'),
( 'header_sidebar_search_border', '#f5f5f5', 'white'),
( 'header_sidebar_search_textcolor', '#000', 'white'),
( 'header_popup_inputborder', '#f5f5f5', 'white'),
( 'header_popup_inputbg', '#e4e6ea', 'white'),
( 'header_popup_inputtextcolor', '#000', 'white'),
( 'header_popup_headbg', '#f5f5f5', 'white'),
( 'header_popup_bodybg', '#fff', 'white');


DROP TABLE IF EXISTS `channel_posts`;
CREATE TABLE `channel_posts` (
  `post_id` int(11) UNSIGNED NOT NULL auto_increment,
  `channel_id` int(11) UNSIGNED NOT NULL,
  `owner_id` int(11) UNSIGNED NOT NULL,
  `title` text COLLATE utf8_unicode_ci NULL,
  `image` VARCHAR(255) CHARACTER SET latin1 COLLATE latin1_general_ci NULL,
  `view_count` int(11) unsigned NOT NULL default '0',
  `comment_count` int(11) unsigned NOT NULL default '0',
  `like_count` int(11) unsigned NOT NULL default '0',
  `dislike_count` int(11) unsigned NOT NULL default '0',  
  `favourite_count` int(11) unsigned NOT NULL default '0',
  `creation_date` datetime NOT NULL,
  PRIMARY KEY (`post_id`),
  KEY `channel_id` (`channel_id`),
  KEY `creation_date`(`creation_date`)
) ENGINE=InnoDB DEFAULT CHARSET=utf8 COLLATE=utf8_unicode_ci;

DROP TABLE IF EXISTS `invites`;
CREATE TABLE `invites` (
  `id` int(10) UNSIGNED NOT NULL auto_increment ,
  `user_id` int(11) UNSIGNED NOT NULL,
  `recipient` varchar(255) COLLATE utf8_unicode_ci NOT NULL,
  `code` varchar(255) CHARACTER SET latin1 COLLATE latin1_general_ci NOT NULL,
  `creation_date` datetime NOT NULL,
  `new_user_id` int(11) UNSIGNED NOT NULL DEFAULT 0,
  PRIMARY KEY (`id`)
) ENGINE=InnoDB DEFAULT CHARSET=utf8 COLLATE=utf8_unicode_ci;

DROP TABLE IF EXISTS `tips`;
CREATE TABLE `tips` (
  `tip_id` int(10) UNSIGNED NOT NULL auto_increment ,
  `user_id` int(11) UNSIGNED NOT NULL,
  `resource_id` int(11) UNSIGNED NOT NULL,
  `resource_type` varchar(255) NOT NULL,
  `amount` varchar(255) NOT NULL default '0',
  `currency` varchar(255) NOT NULL default 'USD',
  `purchase_count` int(11) NOT NULL default '0',
  `creation_date` datetime NOT NULL,
  PRIMARY KEY (`tip_id`),
  KEY `user_id` (`user_id`),
  KEY `resource_id_type` (`resource_id`,`resource_type`)
) ENGINE=InnoDB DEFAULT CHARSET=utf8 COLLATE=utf8_unicode_ci;

DROP TABLE IF EXISTS `defaultstreaming`;
CREATE TABLE `defaultstreaming` (
  `defaultstreaming_id` int(10) UNSIGNED NOT NULL auto_increment ,
  `user_id` int(11) UNSIGNED NOT NULL,
  `resource_type` varchar(255) NOT NULL,
  `title` varchar(255) NOT NULL default 'Live Streaming',
  `price` VARCHAR(255) NULL,
  `tags` text CHARACTER SET utf8mb4 COLLATE utf8mb4_bin NULL,
  `description` mediumtext CHARACTER SET utf8mb4 COLLATE utf8mb4_bin NOT NULL,
  `category_id` int(11) unsigned NOT NULL default '0',
  `subcategory_id` int(11) unsigned NOT NULL default '0',
  `subsubcategory_id` int(11) unsigned NOT NULL default '0',
  `view_privacy` VARCHAR(24) NOT NULL,
  `adult` tinyint NOT NULL default '1',
  `is_locked` tinyint(1) NOT NULL default '0',
  `password` VARCHAR(255) CHARACTER SET utf8mb4 COLLATE utf8mb4_bin NULL,
  `autoapprove_comments` TINYINT(1) NOT NULL DEFAULT '1',
  `enable_chat` TINYINT(1) NOT NULL DEFAULT '0',
  PRIMARY KEY (`defaultstreaming_id`),
  KEY `user_id` (`user_id`),
  KEY `resource_id_type` (`resource_type`,`user_id`)
) ENGINE=InnoDB DEFAULT CHARSET=utf8 COLLATE=utf8_unicode_ci;



DROP TABLE IF EXISTS `defaulttips`;
CREATE TABLE `defaulttips` (
  `defaulttip_id` int(10) UNSIGNED NOT NULL auto_increment ,
  `user_id` int(11) UNSIGNED NOT NULL,
  `resource_type` varchar(255) NOT NULL,
  `amount` varchar(255) NOT NULL default '0',
  PRIMARY KEY (`defaulttip_id`),
  KEY `user_id` (`user_id`),
  KEY `resource_id_type` (`resource_type`,`user_id`)
) ENGINE=InnoDB DEFAULT CHARSET=utf8 COLLATE=utf8_unicode_ci;

DROP TABLE IF EXISTS `audio`;
CREATE TABLE `audio`(
  `audio_id` int(11) unsigned NOT NULL auto_increment,
  `owner_id` int(11) unsigned NOT NULL,
  `title` varchar(255) NOT NULL,
  `custom_url` varchar(255) NOT NULL,
  `description` text NULL,
  `peaks` LONGTEXT NULL,
  `release_date` varchar(100) NOT NULL,
  `image` varchar(255) NULL,
  `audio_file` varchar(255) NOT NULL,
  `play_count` int(11)  unsigned NOT NULL default '0',
  `view_count` int(11) unsigned NOT NULL default '0',
  `comment_count` int(11) unsigned NOT NULL default '0',
  `like_count` int(11) unsigned NOT NULL default '0',
  `dislike_count` int(11) unsigned NOT NULL default '0',  
  `favourite_count` int(11) unsigned NOT NULL default '0',
  `approve` tinyint NOT NULL default '1',
  `autoapprove_comments` TINYINT(1) NOT NULL DEFAULT '1',
  `search` tinyint(1) NOT NULL default '1',
  `size` varchar(255) NULL,
  `duration` varchar(50) NULL,
  `view_privacy` VARCHAR(24) NOT NULL,
  `is_locked` tinyint(1) NOT NULL default '0',
  `password` VARCHAR(255) CHARACTER SET utf8mb4 COLLATE utf8mb4_bin NULL,
  `creation_date` datetime NOT NULL,
  `modified_date` datetime NOT NULL,
  PRIMARY KEY (`audio_id`),
  KEY (`owner_id`),
  KEY (`approve`),
  KEY (`search`),
  KEY (`title`),
  KEY (`release_date`),
  KEY (`play_count`),
  KEY (`view_count`),
  KEY (`comment_count`),
  KEY (`dislike_count`),
  KEY (`favourite_count`),
  KEY (`creation_date`)
) ENGINE=InnoDB DEFAULT CHARSET=utf8 COLLATE utf8_unicode_ci;


DROP TABLE IF EXISTS `referers`;
CREATE TABLE `referers` (
  `referer_id` int(11) UNSIGNED NOT NULL auto_increment,
  `owner_id` int(11) unsigned not null default '0',
  `sitename` varchar(150) CHARACTER SET utf8mb4 COLLATE utf8mb4_bin NOT NULL,
  `url` text CHARACTER SET utf8mb4 COLLATE utf8mb4_bin NOT NULL,
  `type` varchar(150) not NULL default 'video',
  `ip` varchar(45) not null default '',
  `content_id` INT(11) UNSIGNED NOT NULL,
  `creation_date` datetime NOT NULL,
  PRIMARY KEY (`referer_id`),
  KEY `type` (`type`,`owner_id`),
  KEY  `sitename` (`sitename`),
  KEY `typeUnique` (`type`,`owner_id`,`creation_date`),
  KEY `typeIPUnique` (`type`,`ip`,`creation_date`)
) ENGINE=InnoDB DEFAULT CHARSET=utf8 COLLATE=utf8_unicode_ci;

INSERT IGNORE INTO `level_permissions`
  SELECT
    level_id as `level_id`,
    'audio' as `type`,
    'view' as `name`,
    1 as `value`
  FROM `levels` WHERE `type` IN('user');

INSERT IGNORE INTO `level_permissions`
  SELECT
    level_id as `level_id`,
    'audio' as `type`,
    'edit' as `name`,
    1 as `value`
  FROM `levels` WHERE `type` IN('user');

INSERT IGNORE INTO `level_permissions`
  SELECT
    level_id as `level_id`,
    'audio' as `type`,
    'delete' as `name`,
    1 as `value`
  FROM `levels` WHERE `type` IN('user');

INSERT IGNORE INTO `level_permissions`
  SELECT
    level_id as `level_id`,
    'audio' as `type`,
    'create' as `name`,
    1 as `value`
  FROM `levels` WHERE `type` IN('user','admin','moderator');

INSERT IGNORE INTO `level_permissions`
  SELECT
    level_id as `level_id`,
    'audio' as `type`,
    'quota' as `name`,
    0 as `value`
  FROM `levels` WHERE `type` IN('user','admin','moderator');
  
  INSERT IGNORE INTO `level_permissions`
  SELECT
    level_id as `level_id`,
    'audio' as `type`,
    'auto_approve' as `name`,
    1 as `value`
  FROM `levels` WHERE `type` IN('user','admin','moderator');

  INSERT IGNORE INTO `level_permissions`
  SELECT
    level_id as `level_id`,
    'audio' as `type`,
    'view' as `name`,
    2 as `value`
  FROM `levels` WHERE `type` IN('moderator', 'admin');

  INSERT IGNORE INTO `level_permissions`
  SELECT
    level_id as `level_id`,
    'audio' as `type`,
    'delete' as `name`,
    2 as `value`
  FROM `levels` WHERE `type` IN('moderator', 'admin');

 INSERT IGNORE INTO `level_permissions`
  SELECT
    level_id as `level_id`,
    'audio' as `type`,
    'edit' as `name`,
    2 as `value`
  FROM `levels` WHERE `type` IN('moderator', 'admin');

  INSERT IGNORE INTO `level_permissions`
  SELECT
    level_id as `level_id`,
    'audio' as `type`,
    'view' as `name`,
    1 as `value`
  FROM `levels` WHERE `type` IN('public');

DROP TABLE IF EXISTS `tip_donors`;
CREATE TABLE `tip_donors` (
  `donor_id` int(11) UNSIGNED NOT NULL auto_increment,
  `owner_id` int(11) unsigned NOT null default '0',
  `video_id` int(11) unsigned NOT null default '0',
  `price` decimal(16,2) NOT null default '0.00',
  `ip` varchar(45) NOT null default '',
  `creation_date` datetime NOT NULL,
  PRIMARY KEY (`donor_id`),
  KEY `owner_id` (`video_id`),
  KEY `creation_date` (`creation_date`)
) ENGINE=InnoDB DEFAULT CHARSET=utf8 COLLATE=utf8_unicode_ci;

DROP TABLE IF EXISTS `chat_ban_users`;
CREATE TABLE `chat_ban_users` (
  `ban_id` int(11) unsigned NOT NULL auto_increment,
  `user_id` int(11) unsigned NOT NULL default '0',
  `chat_id` varchar(255) NOT NULL,
  PRIMARY KEY (`ban_id`),
  UNIQUE KEY `unique` (`chat_id`,`user_id`),
  KEY `user_id` (`user_id`),
  KEY `chat_id` (`chat_id`)
) ENGINE=InnoDB DEFAULT CHARSET=utf8 COLLATE utf8_unicode_ci;


DROP TABLE IF EXISTS `otp_code`;
CREATE TABLE `otp_code` (
  `code_id` int(11) unsigned NOT NULL auto_increment,
  `code` varchar(10) NOT NULL,
  `phone_number` varchar(255) NOT NULL,
  `type` varchar(45) NOT NULL,
  PRIMARY KEY (`code_id`),
  KEY `phone` (`phone_number`,`code`,`type`)
) ENGINE=InnoDB DEFAULT CHARSET=utf8 COLLATE utf8_unicode_ci;

DROP TABLE IF EXISTS `point_settings`;
CREATE TABLE `point_settings` (
  `point_id` int(11) UNSIGNED NOT NULL auto_increment,
  `level_id` int(11) NOT NULL,
  `type` varchar(255) NOT NULL,
  `resource_type` varchar(45) NOT NULL,
  `first_time` int(11) NOT NULL default '0',
  `next_time` int(11) NOT NULL default '0',
  `max` int(11) NOT NULL default '0',
  `deduct` int(11) NOT NULL default '0',
  `approve` tinyint(1) NOT NULL default '0',
  PRIMARY KEY (`point_id`),
  UNIQUE KEY `UNIQUE` (`resource_type`,`level_id`,`type`),
  KEY `approve` (`approve`),
  KEY `resource_type` (`resource_type`)
) ENGINE=InnoDB DEFAULT CHARSET=utf8 COLLATE=utf8_unicode_ci;

DROP TABLE IF EXISTS `user_point_values`;
CREATE TABLE `user_point_values` (
  `value_id` int(11) UNSIGNED NOT NULL auto_increment,
  `owner_id` int(11) NOT NULL,
  `type` varchar(255) NOT NULL,
  `resource_type` varchar(45) NOT NULL,
  `resource_id` int(11) NOT NULL,
  `credit` int(11) NOT NULL default '0',
  `debit` int(11) NOT NULL default '0',
  `receiver_id` int(11) NOT NULL default '0',
  `sender_id` int(11) NOT NULL default '0',
  `custom` text NULL,
  `creation_date` datetime NOT NULL,
  `modified_date` datetime NOT NULL,
  PRIMARY KEY (`value_id`),
  KEY `owner_id` (`owner_id`),
  KEY `resource_type` (`resource_type`,`resource_id`)
) ENGINE=InnoDB DEFAULT CHARSET=utf8 COLLATE=utf8_unicode_ci;